搜索城市,搜索词,名称,地址,点评数量,详情url
南京,酒店,南京新纪元大酒店,"江苏省南京市鼓楼区中山路251号-1(鼓楼医院对面,近1号线珠江路地铁站3号出口)",,https://map.qq.com/poi/?sm=3089266746064112996&keyfrom=1
南京,酒店,汉庭酒店(南京新街口大行宫地铁站店),江苏省南京市秦淮区中山东路136号(大行宫地铁站2号口步行410米),,https://map.qq.com/poi/?sm=14915479311129550610&keyfrom=1
南京,酒店,南京东方珍珠voco酒店,江苏省南京市玄武区珠江路389号(地铁3号线浮桥站2号出口即到),,https://map.qq.com/poi/?sm=11195627117756609057&keyfrom=1
南京,酒店,金鹰珠江壹号国际酒店(金鹰国际中心珠江路店),江苏省南京市玄武区珠江路1号金鹰国际中心(珠江路店)F2,,https://map.qq.com/poi/?sm=16737017729873752150&keyfrom=1
南京,酒店,九华饭店,江苏省南京市玄武区北京东路77号,,https://map.qq.com/poi/?sm=15874407461938723318&keyfrom=1
南京,酒店,汉庭优佳酒店(南京中山东路总统府店),江苏省南京市秦淮区中山东路416号物资大厦1层,,https://map.qq.com/poi/?sm=4820716921396172773&keyfrom=1
南京,酒店,中心大酒店,江苏省南京市鼓楼区中山路75号,,https://map.qq.com/poi/?sm=12318210838513519144&keyfrom=1
南京,酒店,南京金茂威斯汀大酒店,江苏省南京市鼓楼区中央路201号,,https://map.qq.com/poi/?sm=5486938684909157532&keyfrom=1
南京,酒店,南京东南大学榴园宾馆(玄武湖店),江苏省南京市玄武区进香河路38号(近东南大学西门),,https://map.qq.com/poi/?sm=10534443604847588232&keyfrom=1
南京,酒店,南京中山大厦,江苏省南京市玄武区中山路200号(珠江路地铁站4号口步行190米),,https://map.qq.com/poi/?sm=3828523564565868766&keyfrom=1
南京,酒店,南京凤凰京华大酒店,"江苏省南京市鼓楼区山西路51号(区政府斜对面,近玄武门地铁站)",,https://map.qq.com/poi/?sm=4358168670497840639&keyfrom=1
南京,酒店,全季酒店(新街口店),江苏省南京市秦淮区淮海路50号,,https://map.qq.com/poi/?sm=2971888631163731600&keyfrom=1
南京,酒店,南京世纪缘湖滨花园酒店(太阳宫店),江苏省南京市玄武区太平门阳光路3号,,https://map.qq.com/poi/?sm=3427028608614349249&keyfrom=1
南京,酒店,汉庭酒店(南京新街口常府街地铁站店),"江苏省南京市秦淮区常府街39号(地铁3号线常府街站4号出口东500米,地铁2号线西安门站3号口出南800米)",,https://map.qq.com/poi/?sm=8410035479171702821&keyfrom=1
南京,酒店,格林豪泰南京中央门火车站快捷酒店,江苏省南京市鼓楼区建宁路16号-6栋(金桥市场与河图文化广场之间),,https://map.qq.com/poi/?sm=13821189539631216538&keyfrom=1
南京,酒店,南京黄埔大酒店,江苏省南京市玄武区黄埔路2-2号,,https://map.qq.com/poi/?sm=6447509953444662598&keyfrom=1
南京,酒店,南京金鹰国仕达酒店(新街口德基广场店),江苏省南京市鼓楼区管家桥36号,,https://map.qq.com/poi/?sm=11005861475522224015&keyfrom=1
南京,酒店,汉庭酒店(南京汉中门地铁站酒店),江苏省南京市秦淮区汉中路209号,,https://map.qq.com/poi/?sm=213332700907060241&keyfrom=1
南京,酒店,玄武饭店(南京店),江苏省南京市鼓楼区中央路193号(近湖南路),,https://map.qq.com/poi/?sm=15476433264709305955&keyfrom=1
南京,酒店,南京香格里拉大酒店,江苏省南京市鼓楼区中央路329号(新模范马路站附近),,https://map.qq.com/poi/?sm=9294948730483640475&keyfrom=1
南京,酒店,7天酒店(新7天南京火车站新模范马路地铁站店),"江苏省南京市玄武区中央路280-1号(地铁1号线新模范马路2号出口往北行300米,许府巷公交站对面)",,https://map.qq.com/poi/?sm=6177044980696582089&keyfrom=1
南京,酒店,苏宁环球套房饭店,江苏省南京市鼓楼区广州路188号(近南京儿童医院),,https://map.qq.com/poi/?sm=7298206639032928636&keyfrom=1
南京,酒店,金陵状元楼大酒店,江苏省南京市秦淮区夫子庙状元境9号,,https://map.qq.com/poi/?sm=1747052881355546461&keyfrom=1
南京,酒店,南京古南都饭店,江苏省南京市鼓楼区广州路208号,,https://map.qq.com/poi/?sm=10628955707467351882&keyfrom=1
南京,酒店,南京维景国际大酒店,江苏省南京市玄武区中山东路319号,,https://map.qq.com/poi/?sm=963850184149251981&keyfrom=1
南京,酒店,探花楼酒店(南京夫子庙秦淮河畔店),江苏省南京市秦淮区长乐路72号,,https://map.qq.com/poi/?sm=16299455168195348753&keyfrom=1
南京,酒店,江苏议事园酒店,"江苏省南京市鼓楼区中山北路81号(大方巷路口旁,近军人俱乐部)",,https://map.qq.com/poi/?sm=1596985302571629122&keyfrom=1
南京,酒店,汉庭酒店(南京苜蓿园大街店),"江苏省南京市秦淮区苜蓿园大街165号(北京华联超市旁,距中山陵2.3公里)",,https://map.qq.com/poi/?sm=9577606829209053737&keyfrom=1
南京,酒店,汉庭酒店(南京火车站南广场店),江苏省南京市玄武区龙蟠路湖景花园1号门市,,https://map.qq.com/poi/?sm=14162196365687794793&keyfrom=1
南京,酒店,南京金陵之星大酒店,"江苏省南京市玄武区龙蟠路169号(近国展中心,钟山风景区)",,https://map.qq.com/poi/?sm=18000712318363596676&keyfrom=1
南京,酒店,桔子南京新街口张府园地铁站酒店,江苏省南京市秦淮区中山南路288号苏贸大厦,,https://map.qq.com/poi/?sm=2041041663094022876&keyfrom=1
南京,酒店,南京金太隆国际酒店,江苏省南京市秦淮区中山东路160号(近洪武北路),,https://map.qq.com/poi/?sm=1142875798813207069&keyfrom=1
南京,酒店,金陵饭店(汉中路店),江苏省南京市鼓楼区汉中路2号,,https://map.qq.com/poi/?sm=11233740543694536689&keyfrom=1
南京,酒店,城市名人酒店(名人城市广场),江苏省南京市鼓楼区中山北路30号,,https://map.qq.com/poi/?sm=16062057922324895822&keyfrom=1
南京,酒店,南京天丰大酒店,江苏省南京市秦淮区洪武路26号,,https://map.qq.com/poi/?sm=8871062461514043654&keyfrom=1
南京,酒店,华江饭店,江苏省南京市鼓楼区中山北路178号,,https://map.qq.com/poi/?sm=13948204645582605902&keyfrom=1
南京,酒店,凤凰台饭店,江苏省南京市鼓楼区湖南路47号,,https://map.qq.com/poi/?sm=3216990330788006155&keyfrom=1
南京,酒店,南京西康宾馆,江苏省南京市鼓楼区西康路33号,,https://map.qq.com/poi/?sm=5310451646433928954&keyfrom=1
南京,酒店,南京汉府饭店,江苏省南京市玄武区长江路262号(大行宫地铁站6号口步行360米),,https://map.qq.com/poi/?sm=4992973791995137645&keyfrom=1
南京,酒店,南京商茂国际酒店,江苏省南京市秦淮区中山南路49号商茂世纪广场43楼,,https://map.qq.com/poi/?sm=15593510254732105524&keyfrom=1
南京,酒店,南京金丝利喜来登酒店,江苏省南京市秦淮区汉中路169号,,https://map.qq.com/poi/?sm=10265074731770132387&keyfrom=1
南京,酒店,南京索菲特银河大酒店,"江苏省南京市鼓楼区山西路9号银河大厦1-16层, 30-48层",,https://map.qq.com/poi/?sm=718288995307736488&keyfrom=1
南京,酒店,罗莱夏朵酒店,江苏省南京市鼓楼区玄武湖南路江苏路3号,,https://map.qq.com/poi/?sm=2238948230715895901&keyfrom=1
南京,酒店,南京瑞华酒店(晓庄地铁站店),江苏省南京市栖霞区幕府东路339号(近人民日报社),,https://map.qq.com/poi/?sm=13374409669746250157&keyfrom=1
南京,酒店,南京维元国际酒店,江苏省南京市玄武区中山东路147号大行宫大厦1层,,https://map.qq.com/poi/?sm=13398365818549253688&keyfrom=1
南京,酒店,格林豪泰智选酒店(南京夫子庙常府街地铁站店),江苏省南京市秦淮区太平南路娃娃桥6-1号,,https://map.qq.com/poi/?sm=11984340073274323527&keyfrom=1
南京,酒店,锦江之星酒店(南京新街口店),江苏省南京市秦淮区中山南路219号(地铁1号线张府园站2号口北200米),,https://map.qq.com/poi/?sm=4569634353775672452&keyfrom=1
南京,酒店,锦江之星酒店(南京省中医院朝天宫西街店),江苏省南京市秦淮区朝天宫西街黄鹂新村8幢,,https://map.qq.com/poi/?sm=13772365100048727807&keyfrom=1
南京,酒店,年发168酒店(珠江路店),"江苏省南京市玄武区珠江路667号(近黄埔路与珠江路交叉口,东部战区总医院)",,https://map.qq.com/poi/?sm=13246930646219822298&keyfrom=1
南京,酒店,东宫大酒店(中山东路店),江苏省南京市玄武区中山东路311-1号(明故宫遗址公园旁),,https://map.qq.com/poi/?sm=10370553586159237955&keyfrom=1
南京,酒店,书香世家酒店(南京新街口德基广场店)(原管家桥店),"江苏省南京市鼓楼区管家桥65号新华大厦1,6,11-15层",,https://map.qq.com/poi/?sm=18289111730292456019&keyfrom=1
南京,酒店,南京山水大酒店,江苏省南京市玄武区龙蟠中路118号,,https://map.qq.com/poi/?sm=7646149239587603566&keyfrom=1
南京,酒店,曙光国际大酒店,江苏省南京市玄武区龙蟠路107号,,https://map.qq.com/poi/?sm=6352359427537059032&keyfrom=1
南京,酒店,The Tai太和紫金大酒店,"江苏省南京市玄武区太平北路37号近浮桥地铁站距离总统府200米,",,https://map.qq.com/poi/?sm=4212052559587582069&keyfrom=1
南京,酒店,南山专家楼酒店,"江苏省南京市鼓楼区宁海路122号,近南师大随园校区3号门",,https://map.qq.com/poi/?sm=16918601202941255201&keyfrom=1
南京,酒店,南京怡华酒店,江苏省南京市鼓楼区中山北路45号,,https://map.qq.com/poi/?sm=2151153046504162771&keyfrom=1
南京,酒店,古都饭店(富建城市酒店南),江苏省南京市玄武区中央路278号(地铁1号线新模范马路站2号口出北行210米),,https://map.qq.com/poi/?sm=1813276923205177335&keyfrom=1
南京,酒店,孜图酒店(南京明故宫店),江苏省南京市秦淮区瑞金路52号(近南京航空航天大学明故宫校区),,https://map.qq.com/poi/?sm=4049845361825544692&keyfrom=1
南京,酒店,宜必思酒店(夫子庙店),江苏省南京市秦淮区中华路1号,,https://map.qq.com/poi/?sm=16275894637106623531&keyfrom=1
南京,酒店,南京富建城市酒店,江苏省南京市玄武区中央路278-1号,,https://map.qq.com/poi/?sm=12994019967932506447&keyfrom=1
南京,酒店,丁山花园大酒店(金城路分店),江苏省南京市鼓楼区察哈尔路90号7号楼,,https://map.qq.com/poi/?sm=621607589350264598&keyfrom=1
南京,酒店,东郊国宾馆(紫金山店),江苏省南京市玄武区紫金山路5号,,https://map.qq.com/poi/?sm=11357050170069072584&keyfrom=1
南京,酒店,桔子酒店(南京博物院明故宫地铁站酒店),江苏省南京市秦淮区中山东路532号(明故宫地铁站1号口步行280米),,https://map.qq.com/poi/?sm=15264179154780963817&keyfrom=1
南京,酒店,江苏辰茂新世纪大酒店,江苏省南京市玄武区龙蟠路133号(近火车站南广场),,https://map.qq.com/poi/?sm=18188126797108119533&keyfrom=1
南京,酒店,钟山宾馆,江苏省南京市玄武区中山东路307号,,https://map.qq.com/poi/?sm=3913776948652851350&keyfrom=1
南京,酒店,南京新街口苏宁诺富特酒店,江苏省南京市秦淮区淮海路68号苏宁生活广场(新街口店)1层,,https://map.qq.com/poi/?sm=2736202279002275664&keyfrom=1
南京,酒店,未来域公寓(南京所街店),江苏省南京市建邺区所街29号,,https://map.qq.com/poi/?sm=8872188509586754622&keyfrom=1
南京,酒店,锦江之星南京夫子庙中华门地铁站酒店,"江苏省南京市雨花台区雨花西路118号(近地铁一号线中华门站3号出口,斯国际酒店斜对面)",,https://map.qq.com/poi/?sm=11969529657746921854&keyfrom=1
南京,酒店,桔子酒店(南京夫子庙地铁站店),江苏省南京市秦淮区建康路268号(夫子庙地铁站3号口步行410米),,https://map.qq.com/poi/?sm=2456564172188484580&keyfrom=1
南京,酒店,南京水游城假日酒店,江苏省南京市秦淮区建康路1号鹏欣水游城F1,,https://map.qq.com/poi/?sm=12022509080048940325&keyfrom=1
南京,酒店,华东饭店,江苏省南京市鼓楼区北京西路67号,,https://map.qq.com/poi/?sm=17810513888611658180&keyfrom=1
南京,酒店,南京双门楼宾馆,江苏省南京市鼓楼区虎踞北路185号南京友好大厦,,https://map.qq.com/poi/?sm=12564737459157887339&keyfrom=1
南京,酒店,江苏饭店,江苏省南京市秦淮区太平南路305号,,https://map.qq.com/poi/?sm=7678430021834740113&keyfrom=1
南京,酒店,古南都大桥饭店,江苏省南京市鼓楼区建宁路255号(近南京火车站),,https://map.qq.com/poi/?sm=8075719576895979410&keyfrom=1
南京,酒店,泊金·全季南京商厦酒店,江苏省南京市玄武区龙蟠路1号南京商厦F1,,https://map.qq.com/poi/?sm=17209162210407883420&keyfrom=1
南京,酒店,格林豪泰快捷酒店(南京江宁黄金海岸店),"江苏省南京市江宁区北沿路105号(近上元大街,703路公交站武夷花园小区东门)",,https://map.qq.com/poi/?sm=10505803310456159901&keyfrom=1
南京,酒店,汉庭酒店(南京仙鹤门紫东商业街店),江苏省南京市栖霞区紫东路2号G3栋,,https://map.qq.com/poi/?sm=10889504207210019077&keyfrom=1
南京,酒店,南京悦客假日酒店,江苏省南京市栖霞区迈尧路396号,,https://map.qq.com/poi/?sm=3787521245932976013&keyfrom=1
南京,酒店,南京世茂滨江希尔顿酒店,江苏省南京市鼓楼区淮滨路1号(近南通路),,https://map.qq.com/poi/?sm=14798826941859728767&keyfrom=1
南京,酒店,锦江南京饭店,江苏省南京市鼓楼区中山北路259号,,https://map.qq.com/poi/?sm=1378521423311170666&keyfrom=1
南京,酒店,南京苏宁钟山国际高尔夫酒店,江苏省南京市玄武区环陵路9号,,https://map.qq.com/poi/?sm=4489874662854226901&keyfrom=1
南京,酒店,南京紫东酒店(紫东生态会议中心),江苏省南京市栖霞区马群街道紫东路2号紫东生态会议中心(仙鹤门地铁站十字路口南500米紫东国际创意园东区),,https://map.qq.com/poi/?sm=2295875974579931162&keyfrom=1
南京,酒店,金元宝大酒店(金箔路店),江苏省南京市江宁区金箔路58号(天印大道),,https://map.qq.com/poi/?sm=4087441349522231960&keyfrom=1
南京,酒店,南京弘阳酒店,江苏省南京市浦口区大桥北路48号,,https://map.qq.com/poi/?sm=11526057812344342177&keyfrom=1
南京,酒店,南京希尔顿酒店,江苏省南京市建邺区江东中路100号,,https://map.qq.com/poi/?sm=12728631492102119758&keyfrom=1
南京,酒店,美豪丽致酒店(南京南站明发广场地铁站店),江苏省南京市雨花台区玉兰路99号,15条点评,https://map.qq.com/poi/?sm=12317792921756725348&keyfrom=1
南京,酒店,南京富力万达嘉华酒店,江苏省南京市江宁区竹山路55号,,https://map.qq.com/poi/?sm=7934734234404205870&keyfrom=1
南京,酒店,南京水秀苑大酒店,江苏省南京市江宁区佳湖西路11号,,https://map.qq.com/poi/?sm=5154411057991085469&keyfrom=1
南京,酒店,南京黛思国际酒店,江苏省南京市雨花台区雨花西路97号,,https://map.qq.com/poi/?sm=10042411177813392888&keyfrom=1
南京,酒店,珍宝假日饭店(奥体店),江苏省南京市建邺区江东中路188号,,https://map.qq.com/poi/?sm=18352965844769153592&keyfrom=1
南京,酒店,南京仙林宾馆,江苏省南京市栖霞区文苑路1号,,https://map.qq.com/poi/?sm=1072441114851898806&keyfrom=1
南京,酒店,南京纳尔达斯大酒店,江苏省南京市江宁区宏运大道1890号,,https://map.qq.com/poi/?sm=14955516325155731431&keyfrom=1
南京,酒店,南京金奥费尔蒙酒店,江苏省南京市建邺区江东中路333号,,https://map.qq.com/poi/?sm=15279295570585587033&keyfrom=1
南京,酒店,南京玄武苏宁诺富特酒店,江苏省南京市玄武区苏宁大道9号徐庄软件园,,https://map.qq.com/poi/?sm=5717198558432062546&keyfrom=1
南京,酒店,金陵新城酒店南京,江苏省南京市六合区江北新区葛塘街道园西路488号,,https://map.qq.com/poi/?sm=11232521997384019420&keyfrom=1
南京,酒店,南京苏宁环球大酒店,江苏省南京市浦口区江山路京新198-1号,,https://map.qq.com/poi/?sm=11710001551047745436&keyfrom=1
南京,酒店,南京湖滨金陵饭店,江苏省南京市江宁区佳湖东路8号(百家湖边),,https://map.qq.com/poi/?sm=5962203203353818526&keyfrom=1
南京,酒店,珍宝假日饭店(南京凤台南路店),江苏省南京市雨花台区凤台南路168号,,https://map.qq.com/poi/?sm=4952587425759028273&keyfrom=1
南京,酒店,南京银城皇冠假日酒店,江苏省南京市江宁区佳湖东路9号,,https://map.qq.com/poi/?sm=12683278705889241761&keyfrom=1
南京,酒店,南京翠屏山宾馆(天元西路店),江苏省南京市江宁区天元西路168号,,https://map.qq.com/poi/?sm=11491313519267486664&keyfrom=1
南京,酒店,南京明发珍珠泉大酒店,江苏省南京市浦口区珍珠街178-1号(近龙之谷景区),,https://map.qq.com/poi/?sm=2337273454889871097&keyfrom=1
南京,酒店,比华丽度假村(弘扬装饰城店),江苏省南京市雨花台区板桥农场弘阳装饰城5号口对面,,https://map.qq.com/poi/?sm=14215326529227566962&keyfrom=1
南京,酒店,南京中兴和泰酒店,江苏省南京市雨花台区软件大道50号二期9号楼,,https://map.qq.com/poi/?sm=15112198311294707931&keyfrom=1
南京,酒店,润葳酒店(南京小龙湾地铁站店),江苏省南京市江宁区菲尼克斯路70号36,,https://map.qq.com/poi/?sm=13494756682156185201&keyfrom=1
南京,酒店,南京东部山庄,江苏省南京市栖霞区仙境路与312国道交汇处北300米路东(近仙林大学城),,https://map.qq.com/poi/?sm=14445853004197756240&keyfrom=1
南京,酒店,南京金陵江滨酒店,"江苏省南京市建邺区扬子江大道万景园路8号 ,奥体中心西侧",,https://map.qq.com/poi/?sm=3687216913426037601&keyfrom=1
南京,酒店,南京中琅假日酒店,江苏省南京市江宁区邻里大道1号,,https://map.qq.com/poi/?sm=18218335947025206357&keyfrom=1
南京,酒店,南京开元大酒店,江苏省南京市浦口区文德东路35号(近浦口区政府),,https://map.qq.com/poi/?sm=5544376212854693396&keyfrom=1
南京,酒店,世纪缘国际会议中心(南京百家湖店),江苏省南京市江宁区双龙大道1680号,,https://map.qq.com/poi/?sm=3344846277299082229&keyfrom=1
南京,酒店,南京国睿金陵大酒店,江苏省南京市雨花台区国睿路8号,,https://map.qq.com/poi/?sm=15296573707083077456&keyfrom=1
南京,酒店,南京扬子宾馆,江苏省南京市六合区葛关路688号,,https://map.qq.com/poi/?sm=11715798650395722116&keyfrom=1
南京,酒店,南京阿尔卡迪亚国际酒店,江苏省南京市六合区环龙池路20号,,https://map.qq.com/poi/?sm=2542173216441824297&keyfrom=1
南京,酒店,绿地御豪温泉酒店(南京汤山地铁站店),"江苏省南京市江宁区汤泉东路288号(近汤山地铁站3号口,汤山温泉度假区)",15条点评,https://map.qq.com/poi/?sm=848852523920706494&keyfrom=1
南京,酒店,南京汤泉宾馆,江苏省南京市浦口区惠济南路9号,,https://map.qq.com/poi/?sm=10373881663629150900&keyfrom=1
南京,酒店,南京汪海国际大酒店,江苏省南京市雨花台区雄风路486号,,https://map.qq.com/poi/?sm=14807336163640402926&keyfrom=1
南京,酒店,南京大吉温泉度假村,江苏省南京市浦口区凤凰路88号,15条点评,https://map.qq.com/poi/?sm=10055973034729864831&keyfrom=1
南京,酒店,晨虹休闲度假酒店(南京禄口机场店),江苏省南京市江宁区禄口镇令桥滩1号,,https://map.qq.com/poi/?sm=7062555514871854049&keyfrom=1
南京,酒店,东航华美达酒店(南京机场店),江苏省南京市江宁区禄口机场翔燕路19号江苏东航办公基地内,,https://map.qq.com/poi/?sm=11319283901914646052&keyfrom=1
南京,酒店,南京约翰花园大酒店,江苏省南京市溧水区天生桥大道216号,,https://map.qq.com/poi/?sm=11178181072492154912&keyfrom=1
南京,酒店,南京金陵晶元大酒店,江苏省南京市鼓楼区江东北路386号,,https://map.qq.com/poi/?sm=18123505453743494174&keyfrom=1
南京,酒店,秦淮人家精品酒店,江苏省南京市秦淮区大石坝街128号,,https://map.qq.com/poi/?sm=11060352573554476462&keyfrom=1
南京,酒店,南京南林大厦,江苏省南京市玄武区龙蟠路161号(火车站地区国际展览中心对面),,https://map.qq.com/poi/?sm=13149639432615096951&keyfrom=1
南京,酒店,福音山庄(牛首山风景区店),"江苏省南京市雨花台区将军山风景区1号(牛首山风景区北门,圣象广场旁)",,https://map.qq.com/poi/?sm=13741195843637936799&keyfrom=1
南京,酒店,格林豪泰(奥体中心酒店),江苏省南京市建邺区雨润大街19-4号(雨润大街地铁站1号口步行320米),,https://map.qq.com/poi/?sm=267732853656131138&keyfrom=1
南京,酒店,清沐酒店(南京雨花台区油坊桥地铁站店),江苏省南京市雨花台区西善桥北路9-14号,,https://map.qq.com/poi/?sm=5219099913831587580&keyfrom=1
南京,酒店,南京凯旋假日大酒店,江苏省南京市六合区雄州街道公园路23号(近六合二中),,https://map.qq.com/poi/?sm=5152499274346308171&keyfrom=1
南京,酒店,南京紫京饭店,江苏省南京市玄武区双拜岗路晏公庙53号院2号楼,,https://map.qq.com/poi/?sm=3208195243377540870&keyfrom=1
南京,酒店,书香世家酒店(新街口三元巷店),江苏省南京市秦淮区三元巷7号,,https://map.qq.com/poi/?sm=14656500013822291152&keyfrom=1
南京,酒店,汉庭优佳酒店(南京新街口中心店),江苏省南京市秦淮区淮海路2号,,https://map.qq.com/poi/?sm=11885419322764405236&keyfrom=1
南京,酒店,怡莱精品酒店(南京龙眠大道地铁站店),江苏省南京市江宁区天元东路358号(龙眠大道地铁义乌商品城出口向西200米),,https://map.qq.com/poi/?sm=3144795733955208337&keyfrom=1
南京,酒店,汉庭酒店(南京东南大学诚信大道地铁站店),江苏省南京市江宁区诚信大道990号(优尚天地2号楼),,https://map.qq.com/poi/?sm=4397737933619752162&keyfrom=1
南京,酒店,南京龙华大酒店,江苏省南京市浦口区龙华路2号龙华美食街附近,,https://map.qq.com/poi/?sm=16682491119675683964&keyfrom=1
南京,酒店,全季酒店(南京虹桥中山北路店),江苏省南京市鼓楼区中山北路219号宏图大厦,,https://map.qq.com/poi/?sm=8110103920959543779&keyfrom=1
南京,酒店,新华传媒大酒店,江苏省南京市建邺区江东中路363号(元通地铁站4号口步行480米),,https://map.qq.com/poi/?sm=12077992314453816189&keyfrom=1
南京,酒店,南京八卦洲假日山庄,"江苏省南京市栖霞区八卦洲鹂岛路-,近八卦洲码头",,https://map.qq.com/poi/?sm=9258546508013586664&keyfrom=1
南京,酒店,南京圣和府邸豪华精选酒店,"江苏省南京市玄武区长江路300号(近总统府,1912)",,https://map.qq.com/poi/?sm=8672620993672272326&keyfrom=1
南京,酒店,如家酒店·neo(南京夫子庙店),江苏省南京市秦淮区建康路状元境41号,,https://map.qq.com/poi/?sm=14031889915604382023&keyfrom=1
南京,酒店,如家商旅酒店(南京新街口张府园地铁站店),江苏省南京市秦淮区中山南路234号(张府园地铁站1号出来向北200米左拐即到),,https://map.qq.com/poi/?sm=16078219372876861970&keyfrom=1
南京,酒店,汉庭酒店(南京五塘广场酒店),"江苏省南京市鼓楼区幕府西路29号金域中央广场1,8-17层",,https://map.qq.com/poi/?sm=16661832156213097798&keyfrom=1
南京,酒店,南京高楼门饭店,江苏省南京市玄武区高楼门62号,,https://map.qq.com/poi/?sm=10990800471279326946&keyfrom=1
南京,酒店,南京金陵大厦,江苏省南京市鼓楼区汉中门大街48号,,https://map.qq.com/poi/?sm=13725850597028939135&keyfrom=1
南京,酒店,南京华泰万丽酒店,江苏省南京市建邺区奥体大街139号,,https://map.qq.com/poi/?sm=1583624174582312709&keyfrom=1
南京,酒店,南京京西宾馆(龙江地铁站草场门大街店),江苏省南京市鼓楼区草场门大街111号,,https://map.qq.com/poi/?sm=5120529177387060894&keyfrom=1
南京,酒店,维也纳酒店(南京夫子庙中华门店),"江苏省南京市秦淮区雨花路68号(近老门东,大报恩寺遗址景区对面)",,https://map.qq.com/poi/?sm=3086633484266078752&keyfrom=1
南京,酒店,六朝瑞庭大酒店中山陵青年旅馆店,江苏省南京市玄武区石象路7号,,https://map.qq.com/poi/?sm=8538291753272341099&keyfrom=1
南京,酒店,国际青年会议酒店,江苏省南京市建邺区邺城路8号,,https://map.qq.com/poi/?sm=8000156971447764156&keyfrom=1
南京,酒店,金鹰国际酒店,江苏省南京市秦淮区汉中路101号,,https://map.qq.com/poi/?sm=2269040910660926071&keyfrom=1
南京,酒店,南京总统府亚朵酒店,江苏省南京市秦淮区中山东路486号(西安门地铁站3号口步行310米),,https://map.qq.com/poi/?sm=6954378027185539279&keyfrom=1
南京,酒店,南京金鹰尚美酒店,江苏省南京市江宁区双龙大道1688号金鹰国际购物中心5层,,https://map.qq.com/poi/?sm=4203458045042870862&keyfrom=1
南京,酒店,汉庭酒店(南京新街口张府园地铁站店),江苏省南京市秦淮区建邺路76号,,https://map.qq.com/poi/?sm=17623923052099693616&keyfrom=1
南京,酒店,南京丽湖雅致酒店,江苏省南京市江宁区开发区双龙大道1528号(江宁会展中心),,https://map.qq.com/poi/?sm=3521925362605464133&keyfrom=1
南京,酒店,桔子水晶南京总统府中山东路酒店,江苏省南京市秦淮区中山东路472号(西安门地铁站3号口步行380米),,https://map.qq.com/poi/?sm=6619168387965450787&keyfrom=1
南京,酒店,汉庭南京新街口华侨路酒店,"江苏省南京市鼓楼区华侨路81号(太平洋建设,大地建设对面)",,https://map.qq.com/poi/?sm=6045523642018154240&keyfrom=1
南京,酒店,维也纳国际酒店(南京南站中心店),江苏省南京市江宁区胜利西路9号(距地铁3号线胜太西路地铁站3号出口150米),,https://map.qq.com/poi/?sm=7803433044506186403&keyfrom=1
南京,酒店,维也纳酒店(南京龙江店),江苏省南京市鼓楼区龙园中路月光广场8号,,https://map.qq.com/poi/?sm=9776208478689175293&keyfrom=1
南京,酒店,南京夫子庙亚朵酒店,江苏省南京市秦淮区建康路185号(地铁3号线夫子庙站4号出口旁),,https://map.qq.com/poi/?sm=8157881907396128748&keyfrom=1
南京,酒店,南京玄武门亚朵酒店,江苏省南京市玄武区中央路266号(地铁1号线新模范马路站2号出口左转50米对面),,https://map.qq.com/poi/?sm=8322869224910931934&keyfrom=1
南京,酒店,汉庭酒店(南京河西万达店),江苏省南京市建邺区江东中路42号典雅居裙楼11号2-3层,,https://map.qq.com/poi/?sm=6360724686627372452&keyfrom=1
南京,酒店,南京金元宝大酒店湖熟店,江苏省南京市江宁区瑞泽路8号金宝湖熟商业广场4楼,,https://map.qq.com/poi/?sm=5409196715949108357&keyfrom=1
南京,酒店,南京禄口机场铂尔曼大酒店,江苏省南京市江宁区迎宾路2号航站楼2-9层,,https://map.qq.com/poi/?sm=16816483860015091879&keyfrom=1
南京,酒店,汉庭酒店(南京新街口地铁站店),江苏省南京市鼓楼区管家桥47号(近地铁2号线新街口站20号出口),,https://map.qq.com/poi/?sm=7718825786532588212&keyfrom=1
南京,酒店,南京泊金花间堂·琵琶山居酒店,"江苏省南京市玄武区琵琶洲16号(琵琶湖景区内), 中国",,https://map.qq.com/poi/?sm=12187903153467004447&keyfrom=1
南京,酒店,曙光薇酒店(南京夫子庙店),江苏省南京市秦淮区来燕路1号曙光天地1层(近夫子庙景区),,https://map.qq.com/poi/?sm=1856215112912135212&keyfrom=1
南京,酒店,南京安朴酒店,江苏省南京市雨花台区安德门大街57号楚翘城2号楼,,https://map.qq.com/poi/?sm=3080224818601866728&keyfrom=1
南京,酒店,南京中公汇悦大酒店,江苏省南京市栖霞区仙林大学城元化路8号南大科学园2栋,,https://map.qq.com/poi/?sm=8639749430625981142&keyfrom=1
南京,酒店,正晴和酒店(黑龙江路店),"江苏省南京市鼓楼区黑龙江路33号301室,401室",,https://map.qq.com/poi/?sm=16133773053091131902&keyfrom=1
南京,酒店,Zsmart智尚酒店(南京夫子庙喜马拉雅有声图书馆店),"江苏省南京市秦淮区建康路115号(近水游城,地铁3号线夫子庙站3号出口西300米)",,https://map.qq.com/poi/?sm=2963541237674507672&keyfrom=1
南京,酒店,南京涵碧楼酒店,江苏省南京市建邺区扬子江大道208号,,https://map.qq.com/poi/?sm=9287217470729220521&keyfrom=1
南京,酒店,维也纳国际酒店(南京南站东麒路店),"江苏省南京市江宁区上高路79号(东麒路与上高路交叉口,近奥迪汽车4s店)",,https://map.qq.com/poi/?sm=16785603739297662931&keyfrom=1
南京,酒店,南京帝景国际酒店,江苏省南京市六合区龙华路11号,,https://map.qq.com/poi/?sm=2514620106894473004&keyfrom=1
南京,酒店,新地酒店(南京新地仙林中心店),江苏省南京市栖霞区学典路6号,,https://map.qq.com/poi/?sm=2554928713999884712&keyfrom=1
南京,酒店,如家酒店(南京徐庄地铁站江苏软件园店),江苏省南京市玄武区苏园路6号江苏软件园8栋,,https://map.qq.com/poi/?sm=6285552513782133807&keyfrom=1
南京,酒店,汉庭酒店(小行路店),江苏省南京市雨花台区小行路58号名城世家花园南区11幢1楼,,https://map.qq.com/poi/?sm=2791933258424524210&keyfrom=1
南京,酒店,桔子水晶南京奥体中胜国际博览中心酒店,江苏省南京市建邺区河西大街66号(地铁中胜站旁),,https://map.qq.com/poi/?sm=7052794197558350027&keyfrom=1
南京,酒店,南京天禧酒店,"江苏省南京市雨花台区绿都大道13号(距南京南站200米,近南京南站地铁站北广场)",,https://map.qq.com/poi/?sm=2481456584327961149&keyfrom=1
南京,酒店,汉庭酒店(南京新港开发区二店),江苏省南京市栖霞区南京飞元企业集团出租汽车公司北门东120米,,https://map.qq.com/poi/?sm=16076218756834347095&keyfrom=1
南京,酒店,南京南站百家湖亚朵酒店,"江苏省南京市江宁区湖滨路18-1号(地铁3号线胜太西路站1号出口,湖滨路与佳湖西路交界口)",,https://map.qq.com/poi/?sm=8991022088463223237&keyfrom=1
南京,酒店,如家精选酒店(南京新街口店),江苏省南京市秦淮区石鼓路71号(地铁1号2号线新街口地铁站20号口),,https://map.qq.com/poi/?sm=15694394039237948480&keyfrom=1
南京,酒店,南京新街口王府大街亚朵酒店,"江苏省南京市秦淮区秣陵路99号(南京市检察院对面,距上海路地铁站800米)",,https://map.qq.com/poi/?sm=10463700216404810400&keyfrom=1
南京,酒店,汉庭酒店(南京东山汽车客运总站店),江苏省南京市江宁区上元大街1098号银安大厦1楼(近东山汽车站),,https://map.qq.com/poi/?sm=5156271076456942410&keyfrom=1
南京,酒店,汉庭酒店(南京江宁交院地铁站店),江苏省南京市江宁区龙眠大道688号9栋(地铁一号线南京交院站附近龙眠大道与玉树路交叉路口),,https://map.qq.com/poi/?sm=428532582288834499&keyfrom=1
南京,酒店,南京上秦淮假日酒店,江苏省南京市江宁区秣周东路21号(秣周东路地铁站出入口步行180米),,https://map.qq.com/poi/?sm=5107815960858651856&keyfrom=1
南京,酒店,南京景枫万豪酒店,江苏省南京市江宁区双龙大道1519号,,https://map.qq.com/poi/?sm=5660336109910865112&keyfrom=1
南京,酒店,全季酒店(南京龙蟠中路店),江苏省南京市玄武区龙蟠中路88号,,https://map.qq.com/poi/?sm=11728784804444946429&keyfrom=1
南京,酒店,南京荟枫酒店,江苏省南京市江宁区天元东路288号景枫大厦2号楼,,https://map.qq.com/poi/?sm=13436575177423604268&keyfrom=1
南京,酒店,南京融通华山饭店,江苏省南京市玄武区龙蟠中路81号,,https://map.qq.com/poi/?sm=12450869729155609505&keyfrom=1
南京,酒店,珍宝假日饭店(南京江宁店),江苏省南京市江宁区双龙大道1706号(近1号线百家湖站),,https://map.qq.com/poi/?sm=1398650521876171986&keyfrom=1
南京,酒店,格林豪泰酒店(南京夫子庙三山街地铁站店),江苏省南京市秦淮区大砂珠巷1号(地铁1号线三山街站3号出口附近),,https://map.qq.com/poi/?sm=17902213407242200916&keyfrom=1
南京,酒店,汉庭优佳酒店(南京奥体中心店),江苏省南京市建邺区梦都大街138号,,https://map.qq.com/poi/?sm=17376594918555952317&keyfrom=1
南京,酒店,南京仙林大学城生创园亚朵酒店,江苏省南京市栖霞区纬地路9号A2栋(生创园1号门进入),,https://map.qq.com/poi/?sm=1935949835310025941&keyfrom=1
南京,酒店,全季酒店(南京火车站店),"江苏省南京市玄武区红山南路69号(近南京火车站北广场,小红山客运站)",,https://map.qq.com/poi/?sm=8175549418326017717&keyfrom=1
南京,酒店,维也纳酒店(南京奥体中心店),"江苏省南京市建邺区乐山路150号(妇女儿童中心对面,距梦都大街地铁站200米)",,https://map.qq.com/poi/?sm=15243425096297361375&keyfrom=1
南京,酒店,南京奥体中心诺阁雅酒店,江苏省南京市建邺区楠溪江东街83号,,https://map.qq.com/poi/?sm=2019713429128119444&keyfrom=1
南京,酒店,易佰良品酒店(南京南站店),江苏省南京市雨花台区石华街17号5幢,,https://map.qq.com/poi/?sm=3138551483173771161&keyfrom=1
南京,酒店,Zsmart智尚酒店(南京夫子庙大光路店),"江苏省南京市秦淮区大光路11号(御道街与大光路交叉口,光华门布料城西50米)",,https://map.qq.com/poi/?sm=3594994102186197493&keyfrom=1
南京,酒店,格林豪泰(南京玄武湖中山陵景区店),江苏省南京市玄武区龙蟠路187号(地铁4号线岗子村站2号口直行150米3号线林业大学新庄站南1公里),,https://map.qq.com/poi/?sm=3626756253250284202&keyfrom=1
南京,酒店,南京紫金山庄,江苏省南京市玄武区环陵路18号,,https://map.qq.com/poi/?sm=14379941703251950800&keyfrom=1
南京,酒店,汉庭优佳酒店(南京新街口店),江苏省南京市秦淮区洪武路135号5层,,https://map.qq.com/poi/?sm=2353456407953479951&keyfrom=1
南京,酒店,宜必思尚品酒店(南京江宁麒麟门地铁站店),江苏省南京市江宁区开城路109号东方红郡花园19幢,,https://map.qq.com/poi/?sm=2875940863065316410&keyfrom=1
南京,酒店,丽枫酒店(南京夫子庙大光路店),江苏省南京市秦淮区御道街113号元发商务楼,,https://map.qq.com/poi/?sm=6949670236471928410&keyfrom=1
南京,酒店,维也纳酒店(南京南站汇景店),江苏省南京市秦淮区汇景西路18号汇景家园(地铁三号线明发广场站东1000米),,https://map.qq.com/poi/?sm=16608124814589279378&keyfrom=1
南京,酒店,云酒店(南京火车站皮肤研究所店),"江苏省南京市玄武区玄武湖街道花园路8号(近林业大学东门,皮肤研究所)",,https://map.qq.com/poi/?sm=6200512822345233406&keyfrom=1
南京,酒店,晧为大酒店,江苏省南京市溧水区盛金置业工程有限公司附近,,https://map.qq.com/poi/?sm=4512547543475397437&keyfrom=1
南京,酒店,南京瑞斯丽酒店,江苏省南京市浦口区高新开发区江北新区产业技术研创园浦滨路207号,,https://map.qq.com/poi/?sm=8189925550218682283&keyfrom=1
南京,酒店,南京武家嘴国际大酒店,江苏省南京市高淳区北岭路287号(高淳客运站斜对面),,https://map.qq.com/poi/?sm=10367663744455134404&keyfrom=1
南京,酒店,华达宾馆(青岛路店),江苏省南京市鼓楼区青岛路33号(近南京大学),,https://map.qq.com/poi/?sm=15953730808685912789&keyfrom=1
南京,酒店,清沐精选酒店(南京热河路阅江楼风景区店),江苏省南京市鼓楼区中山北路593号惠纺园大厦,,https://map.qq.com/poi/?sm=2534795249452808746&keyfrom=1
南京,酒店,怡莱酒店(南京浦口南信大店),"江苏省南京市浦口区高新技术开发区杨新路1号,地铁S8号线南京信息工程大学站南京信息工程大学对面",,https://map.qq.com/poi/?sm=13462447938071233087&keyfrom=1
南京,酒店,南京南站希尔顿欢朋酒店,江苏省南京市江宁区胜利路38号,,https://map.qq.com/poi/?sm=9959130585299599378&keyfrom=1
南京,酒店,南京得半庄园度假酒店,江苏省南京市高淳区游子山国家森林公园游子山路1号,,https://map.qq.com/poi/?sm=17835330239351927481&keyfrom=1
南京,酒店,汉庭酒店(南京鼓楼广场店),江苏省南京市鼓楼区中山北路28号江苏商厦一楼,,https://map.qq.com/poi/?sm=17290988358317341930&keyfrom=1
南京,酒店,南京享家游居艺术酒店,江苏省南京市江宁区江苏软件园研发西路8号,,https://map.qq.com/poi/?sm=8699520400554368004&keyfrom=1
南京,酒店,维也纳国际酒店(南京南站河海大学地铁站店),江苏省南京市江宁区将军大道109号23幢,,https://map.qq.com/poi/?sm=4928066810279029710&keyfrom=1
南京,酒店,五矿·晏山居,江苏省南京市玄武区钟灵街50号,7条点评,https://map.qq.com/poi/?sm=14221368037425185118&keyfrom=1
南京,酒店,布丁严选酒店(南京夫子庙地铁站景区店),江苏省南京市秦淮区太平南路585号(夫子庙地铁站4号口步行240米),,https://map.qq.com/poi/?sm=17840021002578932439&keyfrom=1
南京,酒店,维也纳国际酒店(南京高淳地铁站店),江苏省南京市高淳区镇兴路189号(人民法院斜对面),,https://map.qq.com/poi/?sm=6267333181828088944&keyfrom=1
南京,酒店,维也纳国际酒店(南京中山陵农业大学店),江苏省南京市秦淮区苜蓿园大街79号(靠近苜蓿园地铁站),,https://map.qq.com/poi/?sm=10641646398869800051&keyfrom=1
南京,酒店,南京南钢宾馆,江苏省南京市六合区大厂街道湖滨路1号(近信息工程大学),,https://map.qq.com/poi/?sm=17573725244554684577&keyfrom=1
南京,酒店,南大国际会议中心,江苏省南京市栖霞区仙林大道163号(南京大学仙林校区东门内),,https://map.qq.com/poi/?sm=2797302151509794352&keyfrom=1
南京,酒店,锦江都城酒店(南京南站软件谷店),"江苏省南京市雨花台区安德门大街50号怡化中心D座1层(近高铁南站,地铁1号线天隆寺站)",,https://map.qq.com/poi/?sm=1251670817218532704&keyfrom=1
南京,酒店,扬浦大酒楼(六合东佳店),江苏省南京市六合区浦六路,,https://map.qq.com/poi/?sm=4736510944910946069&keyfrom=1
南京,酒店,南京海宏大酒店,江苏省南京市江宁区江宁街道宁芜大道88号(近铜井中学),,https://map.qq.com/poi/?sm=592836483484621390&keyfrom=1
南京,酒店,维也纳酒店(浦珠中路店),江苏省南京市浦口区浦珠中路209号,,https://map.qq.com/poi/?sm=1732529923130026759&keyfrom=1
南京,酒店,南京御冠酒店,江苏省南京市江宁区龙眠大道208号,,https://map.qq.com/poi/?sm=6476716921062896183&keyfrom=1
南京,酒店,维也纳酒店(南京六合区政府龙池地铁站店),江苏省南京市六合区雄州南路299号,,https://map.qq.com/poi/?sm=1516771780348095669&keyfrom=1
南京,酒店,锦江都城酒店(南京南站百家湖店),江苏省南京市江宁区胜太路39号(近胜太路地铁口),,https://map.qq.com/poi/?sm=4925851244426592633&keyfrom=1
南京,酒店,南京工业大学科苑宾馆,"江苏省南京市鼓楼区新模范马路30号(距地铁1号线新模范马路站1号出口600米,近火车站)",,https://map.qq.com/poi/?sm=10761172444778333759&keyfrom=1
南京,酒店,汉庭酒店(南京河西国际博览中心店),"江苏省南京市建邺区金沙江东街33号(近儿童医院,南京博览中心)",,https://map.qq.com/poi/?sm=8284340072057216684&keyfrom=1
南京,酒店,机场宾馆(南京夫子庙店),"江苏省南京市秦淮区龙蟠中路451号(近夫子庙,地铁3号线武定门站3号出口)",,https://map.qq.com/poi/?sm=228474779487377269&keyfrom=1
南京,酒店,南京春雨商务宾馆,江苏省南京市鼓楼区黄家圩29号(南京站地铁站11号口步行380米),,https://map.qq.com/poi/?sm=2581058309753607182&keyfrom=1
南京,酒店,布丁酒店(南京南站北广场绿地之窗店),江苏省南京市雨花台区江南路2号3楼,,https://map.qq.com/poi/?sm=18058651784428236771&keyfrom=1
南京,酒店,汉庭优佳酒店(南京仙林大学城仙尧路店),江苏省南京市栖霞区仙尧路8号,,https://map.qq.com/poi/?sm=6394753673328157877&keyfrom=1
南京,酒店,全季酒店(南京总统府店),"江苏省南京市玄武区中山东路139号(近总统府,德基广场)",,https://map.qq.com/poi/?sm=971612475772358805&keyfrom=1
南京,酒店,南京得山水情温泉酒店,江苏省南京市浦口区汤泉街道杏雨路65号,15条点评,https://map.qq.com/poi/?sm=7888038158461437508&keyfrom=1
南京,酒店,南京南站胜太西路亚朵酒店,"江苏省南京市江宁区胜太西路62号A座(胜太西路与通淮街交叉口北50米,距胜太西路地铁站3号口500米)",,https://map.qq.com/poi/?sm=3348370201619694928&keyfrom=1
南京,酒店,全季酒店(南京明故宫店),"江苏省南京市秦淮区御道街12号(近地铁2号线明故宫站3号口,午朝门公园旁)",,https://map.qq.com/poi/?sm=2698027844047431896&keyfrom=1
南京,酒店,苏宁雅悦行政公寓(苏宁生活广场新街口店),江苏省南京市秦淮区淮海路88号苏宁生活广场(新街口店)F1,,https://map.qq.com/poi/?sm=6000966547523466530&keyfrom=1
南京,酒店,丽枫酒店(南京大厂地铁站店),"江苏省南京市六合区晓山路166号(距大厂地铁站800米,阿卡商业街300米)",,https://map.qq.com/poi/?sm=1417666632826452975&keyfrom=1
南京,酒店,维也纳酒店(南京幕府山地铁站店),江苏省南京市鼓楼区幕府东路文景花园北区1号楼1楼,,https://map.qq.com/poi/?sm=2577748613831033984&keyfrom=1
南京,酒店,7天优品酒店(南京奥体国际会展中心店),江苏省南京市建邺区中和路130号,,https://map.qq.com/poi/?sm=12212548271410785376&keyfrom=1
南京,酒店,玺城阿里酒店(智慧店),江苏省南京市雨花台区玉盘东街2号金轮星立方A区(距南京南站北售票处30米),,https://map.qq.com/poi/?sm=12352235535003096032&keyfrom=1
南京,酒店,隽恒酒店,江苏省南京市鼓楼区西康路1号河海大学1号门旁,,https://map.qq.com/poi/?sm=5186764678785978169&keyfrom=1
南京,酒店,南京七仙大福村生态酒店,江苏省南京市江宁区横溪街道西岗社区七仙大福村,,https://map.qq.com/poi/?sm=11889343664102369448&keyfrom=1
南京,酒店,全季酒店(南京板桥店),江苏省南京市雨花台区宁谷路108-1号莲花湖电商大厦,,https://map.qq.com/poi/?sm=1596189189979756958&keyfrom=1
南京,酒店,南京翠屏新港假日酒店,江苏省南京市栖霞区经济技术开发区新港大道88号,,https://map.qq.com/poi/?sm=3231422451452213185&keyfrom=1
南京,酒店,汉庭酒店(南京麒麟科技园店),"江苏省南京市江宁区运粮河东路717号富力水街坊, 中国",,https://map.qq.com/poi/?sm=1718812786248679916&keyfrom=1
南京,酒店,南京人合人社区公寓日租公寓,江苏省南京市秦淮区长乐路78号,,https://map.qq.com/poi/?sm=11777319007999637538&keyfrom=1
南京,酒店,南京姊妹大酒店,江苏省南京市高淳区龙井路5号,,https://map.qq.com/poi/?sm=2245449072515968036&keyfrom=1
南京,酒店,南京农业大学中山陵景区亚朵酒店,"江苏省南京市玄武区童卫路5号.您可乘坐地铁二号线至苜蓿园站下,三号出口往东步行600米",,https://map.qq.com/poi/?sm=17641501282248614344&keyfrom=1
南京,酒店,南京谷里大酒店,江苏省南京市江宁区谷里街道牛首大道111号,,https://map.qq.com/poi/?sm=7362317501298406269&keyfrom=1
南京,酒店,南京佳盛金陵酒店,"江苏省南京市江宁区秦淮路98-1号(近南京南站,距地铁s3号线景明佳园站800米)",,https://map.qq.com/poi/?sm=8179843457323582517&keyfrom=1
南京,酒店,桔子水晶南京奥体中心酒店,江苏省南京市建邺区江东中路231号8幢,,https://map.qq.com/poi/?sm=9558740259407962112&keyfrom=1
南京,酒店,维也纳国际酒店(南京竹山路地铁站店),江苏省南京市江宁区兴民南路66号(距竹山路地铁站2号口500米),,https://map.qq.com/poi/?sm=3285566998235571676&keyfrom=1
南京,酒店,维也纳酒店(南京文德路地铁站研创园店),江苏省南京市浦口区立新路滨江馨园商业4栋17-112号商铺,,https://map.qq.com/poi/?sm=1899756313535968604&keyfrom=1
南京,酒店,世纪缘国际酒店(南京江宁万达广场店),"江苏省南京市江宁区金箔路1号金陵天成广场06幢1层(近江宁万达,金宝市场)",,https://map.qq.com/poi/?sm=1480745095289876184&keyfrom=1
南京,酒店,康铂酒店(南京江宁河海大学地铁站店),江苏省南京市江宁区将军大道139号(卫岗乳业西门),,https://map.qq.com/poi/?sm=66569708420678864&keyfrom=1
南京,酒店,全季酒店(南京南站店),江苏省南京市雨花台区玉兰路99号明发广场内5幢-南京南站北广场,,https://map.qq.com/poi/?sm=1737908016641213338&keyfrom=1
南京,酒店,维也纳酒店(南京中山陵店),江苏省南京市栖霞区马群街道花港路1号花港幸福城02栋,,https://map.qq.com/poi/?sm=8953166974402246196&keyfrom=1
南京,酒店,南京玄武湖智选假日酒店,"江苏省南京市玄武区太平门东街2号(近龙蟠路,距九华山地铁站850米)",,https://map.qq.com/poi/?sm=17445276604742257861&keyfrom=1
南京,酒店,桔子酒店(南京江宁天印大道店),"江苏省南京市江宁区宏运大道4597号景祥大厦C区1,4,5层",,https://map.qq.com/poi/?sm=3359639208628349313&keyfrom=1
南京,酒店,全季酒店(南京新街口户部街店),江苏省南京市秦淮区延龄巷2号(常府街地铁站4号口步行230米),,https://map.qq.com/poi/?sm=3797793173889399197&keyfrom=1
南京,酒店,南京卓美亚酒店,江苏省南京市建邺区邺城路2号,,https://map.qq.com/poi/?sm=17658120149960387094&keyfrom=1
南京,酒店,南京南站上元大街亚朵酒店,江苏省南京市江宁区上元大街242号,,https://map.qq.com/poi/?sm=1608190707293575191&keyfrom=1
南京,酒店,南京佰翔花园酒店,江苏省南京市江宁区翔鹰三路1号(禄口国际机场T2航站楼南侧),,https://map.qq.com/poi/?sm=3593805419331442333&keyfrom=1
南京,酒店,维也纳酒店(南京河西金鹰店),江苏省南京市建邺区应天大街782号,,https://map.qq.com/poi/?sm=404924063163670709&keyfrom=1
南京,酒店,南京喜玛拉雅假日酒店,江苏省南京市雨花台区民智路9号,,https://map.qq.com/poi/?sm=1876439316248686607&keyfrom=1
南京,酒店,嘉悦大酒店(南京信息工程大学地铁站店),江苏省南京市六合区新华西路418号,,https://map.qq.com/poi/?sm=11419439344514055500&keyfrom=1
南京,酒店,全季酒店(南京六合龙池店),江苏省南京市六合区雄州南路333号1-4楼,,https://map.qq.com/poi/?sm=8526604275634529309&keyfrom=1
南京,酒店,锦江都城酒店(南京夫子庙中心店),江苏省南京市秦淮区太平南路538号(夫子庙地铁站4号口步行290米),,https://map.qq.com/poi/?sm=6129506360903490810&keyfrom=1
南京,酒店,南京新街口漫心酒店,江苏省南京市秦淮区太平南路168号南京九宜城N91F5层,,https://map.qq.com/poi/?sm=3329632973927108177&keyfrom=1
南京,酒店,全季酒店(南京夫子庙地铁站店),江苏省南京市秦淮区太平南路529号(夫子庙地铁站4号口步行460米),,https://map.qq.com/poi/?sm=1429383744275000130&keyfrom=1
南京,酒店,南京新晶丽酒店,江苏省南京市雨花台区紫荆花路2号,,https://map.qq.com/poi/?sm=3583864387253806690&keyfrom=1
南京,酒店,全季酒店(南京河西博览中心店),江苏省南京市建邺区河西大街230号台湾名品城10馆,,https://map.qq.com/poi/?sm=9422969512582879532&keyfrom=1
南京,酒店,维也纳智好酒店(南京上元大街万达广场店),江苏省南京市江宁区东新南路1号,,https://map.qq.com/poi/?sm=1072763492489843632&keyfrom=1
南京,酒店,南京凯宾斯基酒店,江苏省南京市秦淮区龙蟠中路218号,,https://map.qq.com/poi/?sm=17050698549906399363&keyfrom=1
南京,酒店,南京长江之舟华邑酒店,江苏省南京市浦口区滨江大道504号,,https://map.qq.com/poi/?sm=2531323585193991764&keyfrom=1
南京,酒店,峰云府二期,江苏省南京市鼓楼区热河路15号,,https://map.qq.com/poi/?sm=17799355111788524385&keyfrom=1
南京,酒店,锦江都城酒店(南京夫子庙秦淮经典店),江苏省南京市秦淮区中华路308号,,https://map.qq.com/poi/?sm=18264946493186972726&keyfrom=1
南京,酒店,南京颐和芥子园酒店,江苏省南京市秦淮区老门东(陶家巷),,https://map.qq.com/poi/?sm=12536122927409001659&keyfrom=1
南京,酒店,白金汉爵大酒店(南京店),江苏省南京市栖霞区玄武大道888号,,https://map.qq.com/poi/?sm=1229953605327858802&keyfrom=1
南京,酒店,维也纳国际酒店(南京南站软件大道店),江苏省南京市雨花台区宁双路80号中和大厦B座,,https://map.qq.com/poi/?sm=2769078610130307380&keyfrom=1
南京,酒店,全季酒店(南京中央门建宁路店),江苏省南京市鼓楼区中央金地61号,,https://map.qq.com/poi/?sm=1785711306244038901&keyfrom=1
南京,酒店,南京江宁希尔顿欢朋酒店,江苏省南京市江宁区上高路88号,,https://map.qq.com/poi/?sm=2256730148761583582&keyfrom=1
南京,酒店,维也纳国际酒店(南京南站南广场店),江苏省南京市雨花台区明城大道8号喜玛拉雅商业中心E座,,https://map.qq.com/poi/?sm=9231982393512405355&keyfrom=1
南京,酒店,凯里亚德酒店(南京虹桥中心店),江苏省南京市鼓楼区中山北路283号-1号江苏物资大厦,,https://map.qq.com/poi/?sm=8755823231818989727&keyfrom=1
南京,酒店,南京奥体中心亚朵S酒店,江苏省南京市建邺区嵩山路138号,,https://map.qq.com/poi/?sm=2027157506105709846&keyfrom=1
南京,酒店,南京金帆万源酒店,"江苏省南京市鼓楼区牌楼巷47-1号(近汉中门地铁站,江苏省中医院)",,https://map.qq.com/poi/?sm=2105811470920399416&keyfrom=1
南京,酒店,南京站红山动物园亚朵酒店,江苏省南京市鼓楼区和燕路239号南昌大厦,,https://map.qq.com/poi/?sm=10283745192527997929&keyfrom=1
南京,酒店,明发江湾温泉大酒店,安徽省马鞍山市和县乌江镇双塘路1号,,https://map.qq.com/poi/?sm=13566884565486434844&keyfrom=1
南京,酒店,高盛阁酒店,江苏省南京市建邺区庐山路288号升龙汇金中心B栋2单元,,https://map.qq.com/poi/?sm=8916118944014806526&keyfrom=1
南京,酒店,南京国际会议大酒店,"江苏省南京市玄武区中山陵四方城2号,离梅花山仅一墙之隔",,https://map.qq.com/poi/?sm=2535465473661234753&keyfrom=1
南京,酒店,紫清湖温泉度假酒店,江苏省南京市江宁区环镇北路8号,,https://map.qq.com/poi/?sm=7807859210704013634&keyfrom=1
南京,酒店,南京山囿里酒店,江苏省南京市玄武区博爱路18号T80科技文化国际社区35栋,,https://map.qq.com/poi/?sm=2963548683569610714&keyfrom=1
南京,酒店,南京东山智选假日酒店,江苏省南京市江宁区天行路19号,,https://map.qq.com/poi/?sm=3672922045206167529&keyfrom=1
南京,酒店,桔子酒店(南京火车南站百家湖店),江苏省南京市江宁区胜利路99号名家科技大厦2幢,,https://map.qq.com/poi/?sm=7548301725363117826&keyfrom=1
南京,酒店,汉庭优佳酒店(南京江宁万安西路店),江苏省南京市江宁区万安西路168号,,https://map.qq.com/poi/?sm=1654074059379126358&keyfrom=1
南京,酒店,维也纳国际酒店(新港开发区店),江苏省南京市栖霞区经济开发区恒泰路8号(汇智科技园A区),,https://map.qq.com/poi/?sm=1864249869145094219&keyfrom=1
南京,酒店,南京马群亚朵酒店,江苏省南京市栖霞区顾家营路59号,,https://map.qq.com/poi/?sm=1957359276457829778&keyfrom=1
南京,酒店,贝客青年精品公寓(白下高新店),江苏省南京市秦淮区石杨路116号住建大厦2号楼4楼,3条点评,https://map.qq.com/poi/?sm=1292379536105539664&keyfrom=1
南京,酒店,全季酒店(南京南站南广场店),江苏省南京市雨花台区明城大道40号(开明街与明城大道交叉口),,https://map.qq.com/poi/?sm=1497660157999897879&keyfrom=1
南京,酒店,南京绿杨春生态酒店,"江苏省南京市建邺区雨润大街19号(雨润大街与嵩山路交叉口南50米,近地铁2号线雨润大街1号出口)",,https://map.qq.com/poi/?sm=2845333496257210314&keyfrom=1
南京,酒店,全季酒店(南京江宁东麒路店),江苏省南京市江宁区东山街道润麒南路1号晴天汽车广场1号楼3-5层1-301,,https://map.qq.com/poi/?sm=8143894056443894434&keyfrom=1
南京,酒店,苏宁雅悦酒店(南京仙林大学城徐庄软件园店),江苏省南京市玄武区徐庄高新技术产业开发区行辅路7号(近徐庄路),,https://map.qq.com/poi/?sm=13476661583237623696&keyfrom=1
南京,酒店,南京苏宁雅悦酒店(河西苏宁慧谷店),江苏省南京市建邺区集庆门大街268号苏宁睿城苏宁慧谷108-2,,https://map.qq.com/poi/?sm=3195237245700861590&keyfrom=1
南京,酒店,南京丽湖雅致空港酒店,江苏省南京市江宁区禄口镇空港工业园飞天大道69号,,https://map.qq.com/poi/?sm=2614269501416625348&keyfrom=1
南京,酒店,南京中山湖金陵文璟酒店,江苏省南京市溧水区永阳街道中山东路800号,,https://map.qq.com/poi/?sm=8003319625612255199&keyfrom=1
南京,酒店,南京南气宾馆,江苏省南京市浦口区宁六路219号,,https://map.qq.com/poi/?sm=2761158381268065544&keyfrom=1
南京,酒店,汉韵9号温泉酒店,江苏省南京市栖霞区仙林纬地路9号生命科技创新园A2层,16条点评,https://map.qq.com/poi/?sm=13882177868598538578&keyfrom=1
南京,酒店,全季酒店(南京山西路店),"江苏省南京市鼓楼区山西路57号(近工贸大厦,鼓楼区政府)",,https://map.qq.com/poi/?sm=3816094898445342629&keyfrom=1
南京,酒店,宜必思酒店(南京桥北弘阳广场店),江苏省南京市浦口区大桥北路48号弘阳广场A4幢时尚软装馆8楼,,https://map.qq.com/poi/?sm=2222152008975368220&keyfrom=1
南京,酒店,南京南站亚朵酒店,江苏省南京市雨花台区玉盘西街8号绿地之窗D-2西面临街,,https://map.qq.com/poi/?sm=2395949636839409587&keyfrom=1
南京,酒店,花季酒店(南京夫子庙地铁站店),江苏省南京市秦淮区建康路409号(近地铁3号线夫子庙地铁站3号口),,https://map.qq.com/poi/?sm=15396187908179017130&keyfrom=1
南京,酒店,宜必思尚品酒店(南京东麒路店),江苏省南京市江宁区临麒路12号1-3层,,https://map.qq.com/poi/?sm=11920536355660488512&keyfrom=1
南京,酒店,南京仙林大道金马路亚朵酒店,江苏省南京市栖霞区仙林大道18号马群科创中心D栋1层局部2-8层,,https://map.qq.com/poi/?sm=6194423931103276549&keyfrom=1
南京,酒店,南京新港开发区亚朵酒店,江苏省南京市栖霞区新港开发区恒通大道56号3号楼,,https://map.qq.com/poi/?sm=1722434783161138470&keyfrom=1
南京,酒店,南京板桥吾悦广场亚朵酒店,"江苏省南京市雨花台区新林大道9号1层14-17室,7层,14-18层",,https://map.qq.com/poi/?sm=1284221182246521009&keyfrom=1
南京,酒店,维也纳国际酒店(板桥开发区店),江苏省南京市雨花台区凤汇大道12号,,https://map.qq.com/poi/?sm=5440841560484705547&keyfrom=1
南京,酒店,南京玄武湖公园亚朵酒店,江苏省南京市玄武区龙蟠路35号(距中央门东公交站20米),,https://map.qq.com/poi/?sm=7662276403726136359&keyfrom=1
南京,酒店,喜事汇酒店,江苏省南京市六合区龙棠路233正南方向130米,4条点评,https://map.qq.com/poi/?sm=15739224912353905059&keyfrom=1
南京,酒店,南京南都会酒店,江苏省南京市秦淮区双塘街道中华门内钓鱼台38号,,https://map.qq.com/poi/?sm=3318629544429219449&keyfrom=1
南京,酒店,白玉兰酒店(南京航空航天大学胜太西路店),江苏省南京市江宁区胜太西路162号(南京航空航天大学江宁校区北门斜对面),,https://map.qq.com/poi/?sm=2824653093586643964&keyfrom=1
南京,酒店,南京圣和文化交流中心(中山陵店),江苏省南京市玄武区运粮河西路99号圣和集团总部3号楼1层,,https://map.qq.com/poi/?sm=9052748498037407992&keyfrom=1
南京,酒店,南京奥体博览中心美居酒店,江苏省南京市建邺区云龙山路98号,,https://map.qq.com/poi/?sm=8741891434922208852&keyfrom=1
南京,酒店,宜尚酒店(南京天印大道地铁站店),江苏省南京市江宁区天元东路188号(近江宁大学城),,https://map.qq.com/poi/?sm=5826679076847626312&keyfrom=1
南京,酒店,龙湖冠寓(南京万寿路店),江苏省南京市浦口区万寿路15号南工大产业园D1栋,5条点评,https://map.qq.com/poi/?sm=1148457957681811139&keyfrom=1
南京,酒店,丽枫酒店(南京卡子门地铁站永乐路店),江苏省南京市秦淮区永乐路111号万象都荟商业广场B座5楼近3号地铁卡门站,,https://map.qq.com/poi/?sm=10844140578558807603&keyfrom=1
南京,酒店,魔方公寓(南京小火瓦巷店),江苏省南京市秦淮区小火瓦巷1号6/7楼,,https://map.qq.com/poi/?sm=12392758852542196605&keyfrom=1
南京,酒店,维也纳国际酒店(南京汤山温泉度假区店),江苏省南京市江宁区汤山街道上善路与汤泉路交叉口西,,https://map.qq.com/poi/?sm=1581461246975530572&keyfrom=1
南京,酒店,汉庭优佳酒店(南京龙江定淮门大街店),江苏省南京市鼓楼区江东北路417号(新奇特附近),,https://map.qq.com/poi/?sm=16183284687025781928&keyfrom=1
南京,酒店,龙湖冠寓(南京长盛街店),江苏省南京市江宁区长盛街8号,,https://map.qq.com/poi/?sm=6154669369028999047&keyfrom=1
南京,酒店,希岸酒店(南京总统府大行宫地铁站店),江苏省南京市秦淮区太平南路107号(大行宫地铁站出入口步行310米),,https://map.qq.com/poi/?sm=1672998919866171768&keyfrom=1
南京,酒店,南京夫子庙夜泊秦淮君亭酒店(大戏院店),江苏省南京市秦淮区平江府路贡院街80号L1-49AB,,https://map.qq.com/poi/?sm=9150000077418910710&keyfrom=1
南京,酒店,清沐酒店(南京禄口来凤路店),江苏省南京市江宁区禄口街道来凤路10号信义商业广场6幢101室,,https://map.qq.com/poi/?sm=3171703817650833670&keyfrom=1
南京,酒店,汉庭优佳酒店(南京仙林大学城文成路店),江苏省南京市栖霞区文成路3号(南京技师学院东北),,https://map.qq.com/poi/?sm=7406694188700064373&keyfrom=1
南京,酒店,全季酒店(南京新街口王府大街店),江苏省南京市秦淮区王府大街63号中泰大厦南楼3层,,https://map.qq.com/poi/?sm=4714162188449246643&keyfrom=1
南京,酒店,星程酒店(南京新街口步行街店),江苏省南京市秦淮区洪武路38号正洪大厦7楼,,https://map.qq.com/poi/?sm=12664067988216361837&keyfrom=1
南京,酒店,南京双子星酒店(新街口华侨路店),"江苏省南京市鼓楼区华侨路52号(南京市房产档案馆旁,距上海路地铁站500米)",,https://map.qq.com/poi/?sm=4579237026895613991&keyfrom=1
南京,酒店,维也纳酒店(南京溧水开发区机场路店),江苏省南京市溧水区机场路28号东城汇商业街,,https://map.qq.com/poi/?sm=2417953301808566349&keyfrom=1
南京,酒店,桔子酒店(南京夫子庙景区店),江苏省南京市秦淮区大石坝街26号(夫子庙地铁站2号口步行440米),,https://map.qq.com/poi/?sm=1317939601596298052&keyfrom=1
南京,酒店,南京天泉云都大酒店,江苏省南京市溧水区天生桥大道388号时代国际广场西楼,,https://map.qq.com/poi/?sm=2096255921759756217&keyfrom=1
南京,酒店,古南都逸居酒店(南京新街口中心店),江苏省南京市秦淮区石鼓路58号大洋百货旁,,https://map.qq.com/poi/?sm=18155170761603245124&keyfrom=1
南京,酒店,桔子水晶南京新街口酒店,江苏省南京市秦淮区中山南路三元巷5号(地铁新街口15张府园1),,https://map.qq.com/poi/?sm=13433406565059673523&keyfrom=1
南京,酒店,南京溧水新时代开元名都大酒店,江苏省南京市溧水区天生桥大道388号时代国际广场东楼,,https://map.qq.com/poi/?sm=13245575173972786666&keyfrom=1
南京,酒店,星程轻居酒店(南京温泉度假区汤山地铁站店),江苏省南京市江宁区汤泉东路308号人才公寓04栋,,https://map.qq.com/poi/?sm=9652706395743368976&keyfrom=1
南京,酒店,全季酒店(南京新浦路店),江苏省南京市浦口区江浦街道新浦路120号总部经济园,,https://map.qq.com/poi/?sm=3113892638084966889&keyfrom=1
南京,酒店,南京交苑宾馆,江苏省南京市江宁区龙眠大道629号H楼培训中心,,https://map.qq.com/poi/?sm=8492834728554755243&keyfrom=1
南京,酒店,清沐精选酒店(南京雨花开发区板桥店),"江苏省南京市雨花台区龙飞路7号(龙飞路与振兴路北交叉口,金叶花园对面)",,https://map.qq.com/poi/?sm=1051813368366103561&keyfrom=1
南京,酒店,南京泰俪精品酒店(江北新区研创园店),江苏省南京市浦口区江北新区研创园8849人才公寓C座,,https://map.qq.com/poi/?sm=13240984955478909593&keyfrom=1
南京,酒店,南京金陵隐漫心酒店,江苏省南京市建邺区河西大街230号台湾名品城10栋1层,,https://map.qq.com/poi/?sm=3181685865058995908&keyfrom=1
南京,酒店,花筑·秦淮酒店(军区总院店),江苏省南京市秦淮区八宝东街1号瑞鑫兰庭综合楼1楼(距夫子庙景区2公里),,https://map.qq.com/poi/?sm=6585929286851783011&keyfrom=1
南京,酒店,OYO桂谷生态酒店,江苏省南京市江宁区谷里街道亲见社区薛家水库,,https://map.qq.com/poi/?sm=6555869094341947580&keyfrom=1
南京,酒店,伊达公寓,江苏省南京市栖霞区新港大道9号,,https://map.qq.com/poi/?sm=908539187650151631&keyfrom=1
南京,酒店,南京青旅宾馆,江苏省南京市秦淮区月牙湖街道后标营路101号(近中山陵风景区),,https://map.qq.com/poi/?sm=3594290788510552129&keyfrom=1
南京,酒店,蜂巢酒店,江苏省南京市浦口区龙谷路18号,,https://map.qq.com/poi/?sm=13726633580309647368&keyfrom=1
南京,酒店,鸿运酒店公寓(南京小市地铁站红山动物园店),江苏省南京市鼓楼区百灵街25号,,https://map.qq.com/poi/?sm=11862188139407462577&keyfrom=1
南京,酒店,清沐铂金酒店(南京天印大道店),江苏省南京市江宁区宏运大道景祥大厦4597号C区域C1-11,,https://map.qq.com/poi/?sm=6954388399012249230&keyfrom=1
南京,酒店,幸福山庄酒店(石湫影视基地店),江苏省南京市溧水区影视大道1号,,https://map.qq.com/poi/?sm=9433901929790144708&keyfrom=1
南京,酒店,南京汉润1882大酒店,江苏省南京市建邺区河西大街66号徐矿广场B座,,https://map.qq.com/poi/?sm=2468554291198039531&keyfrom=1
南京,酒店,南京汤山涵田·悦酒店,江苏省南京市江宁区汤山街道延祥路66号,,https://map.qq.com/poi/?sm=2471889045639535652&keyfrom=1
南京,酒店,丽呈睿轩酒店(南京南站河定桥地铁站店),江苏省南京市江宁区董村路39号3幢,,https://map.qq.com/poi/?sm=1457803461385921982&keyfrom=1
南京,酒店,为来酒店公寓(迈皋桥地铁站店),江苏省南京市栖霞区和燕路东井村48号院1号楼1楼大厅,,https://map.qq.com/poi/?sm=9671579818081050221&keyfrom=1
南京,酒店,牛首山·纳福德金陵文化行馆,江苏省南京市江宁区谷里街道盛世路11号,,https://map.qq.com/poi/?sm=2059213505557228043&keyfrom=1
南京,酒店,南京丽思卡尔顿酒店,江苏省南京市玄武区中山路18号,,https://map.qq.com/poi/?sm=3453564161843999448&keyfrom=1
南京,酒店,你好酒店(南京总统府店),江苏省南京市玄武区珠江路205号(新世界中心购物广场斜对面),,https://map.qq.com/poi/?sm=1251148332312302746&keyfrom=1
南京,酒店,格林豪泰智选酒店(南京新街口地铁站店),江苏省南京市秦淮区中山南路101号(近新街口地铁站14号出口),,https://map.qq.com/poi/?sm=2291673487296873631&keyfrom=1
南京,酒店,桔子水晶南京夫子庙中山南路酒店,江苏省南京市秦淮区中山南路360号1-4层,,https://map.qq.com/poi/?sm=1917036340235631701&keyfrom=1
南京,酒店,桔子水晶酒店(苏宁环球购物中心店),江苏省南京市鼓楼区湖南路18号苏宁环球购物中心F1,,https://map.qq.com/poi/?sm=2011277294868002272&keyfrom=1
南京,酒店,桔子酒店(南京江宁东南大学诚信大道店),江苏省南京市江宁区前庄路299号力通广场内,,https://map.qq.com/poi/?sm=2552437496635570384&keyfrom=1
南京,酒店,桔子酒店(南京夫子庙龙蟠中路店),江苏省南京市秦淮区龙蟠中路323号04幢,,https://map.qq.com/poi/?sm=1399998938752939438&keyfrom=1
南京,酒店,汉庭酒店(南京南站软件大道酒店),江苏省南京市雨花台区玉兰路19号-10君悦湖滨花园1号,,https://map.qq.com/poi/?sm=7536467637806582650&keyfrom=1
南京,酒店,速8酒店(南京夫子庙中华门城堡店),江苏省南京市秦淮区中华路491-3号2楼,,https://map.qq.com/poi/?sm=2456653964539473052&keyfrom=1
南京,酒店,全季酒店(南京珠江路北门桥店),"江苏省南京市玄武区北门桥路4号(近地铁1号线珠江路站,德基广场)",,https://map.qq.com/poi/?sm=2361526516005502243&keyfrom=1
南京,酒店,全季酒店(南京新街口莫愁路店),江苏省南京市秦淮区莫愁路344号,,https://map.qq.com/poi/?sm=5697234151503074453&keyfrom=1
南京,酒店,全季酒店(南京丹凤街店),江苏省南京市玄武区大石桥29号新虹飞电信城,,https://map.qq.com/poi/?sm=8831368130778085884&keyfrom=1
南京,酒店,全季酒店(南京夫子庙步行街店),江苏省南京市秦淮区夫子庙瞻园路21号3楼,,https://map.qq.com/poi/?sm=1761048121875362608&keyfrom=1
南京,酒店,全季酒店(南京江东中路店),江苏省南京市建邺区江东中路152-3号,,https://map.qq.com/poi/?sm=2362658071671687060&keyfrom=1
南京,酒店,南京江宁东山汽车4S园亚朵酒店,江苏省南京市江宁区远泰路9号,,https://map.qq.com/poi/?sm=5177829533843783586&keyfrom=1
南京,酒店,南京奥体中心天合广场亚朵酒店,江苏省南京市雨花台区凤台南路146号天合广场A座,,https://map.qq.com/poi/?sm=8939800408762058451&keyfrom=1
南京,酒店,南京仙林中心金鹰广场亚朵酒店,江苏省南京市栖霞区文澜路6号中建大厦1楼,,https://map.qq.com/poi/?sm=17647021937582027832&keyfrom=1
南京,酒店,维也纳酒店(南京江宁大学城方山店),江苏省南京市江宁区印湖路39号印湖山庄3栋1楼,,https://map.qq.com/poi/?sm=3678527240039971730&keyfrom=1
南京,酒店,维也纳国际酒店(南京仙林徐庄软件园地铁站店),江苏省南京市玄武区苏宁大道64号2号楼,,https://map.qq.com/poi/?sm=11405801643957553968&keyfrom=1
南京,酒店,维也纳酒店(南京玄武湖山西路店),江苏省南京市鼓楼区老菜市8号(近湖南路),,https://map.qq.com/poi/?sm=1455169872635158893&keyfrom=1
南京,酒店,维也纳国际酒店(南京溧水中山西路店),江苏省南京市溧水区中山西路29号,,https://map.qq.com/poi/?sm=9676053726519063658&keyfrom=1
南京,酒店,丽枫酒店(南京南站东山总部园店),"江苏省南京市江宁区永胜路66号拓弘大厦7,8,9,10楼",,https://map.qq.com/poi/?sm=1202950259577773752&keyfrom=1
南京,酒店,丽枫酒店(南京竹山路地铁站店),江苏省南京市江宁区天元东路168号供销科技大厦1楼,,https://map.qq.com/poi/?sm=9278401775739602531&keyfrom=1
南京,酒店,锦江都城酒店(南京中山陵苜蓿园大街酒店),江苏省南京市秦淮区光华路114号金宏基大厦院内,,https://map.qq.com/poi/?sm=8570343049794234282&keyfrom=1
南京,酒店,贝壳酒店(南京夫子庙地铁站店),"江苏省南京市秦淮区太平南路591号(太平南路与健康路交叉口,夫子庙北门北100米)",,https://map.qq.com/poi/?sm=1988217277996810649&keyfrom=1
南京,酒店,南京世界村酒店,江苏省南京市高淳区宝塔路269号,,https://map.qq.com/poi/?sm=2247918812143065250&keyfrom=1
南京,酒店,宜尚酒店(南京溧水高铁站五洲商贸城店),江苏省南京市溧水区交通东路8号弘阳家居20栋1层,,https://map.qq.com/poi/?sm=2126660203583339858&keyfrom=1
南京,酒店,南京紫晶国际酒店,江苏省南京市江宁区天元中路29号,,https://map.qq.com/poi/?sm=2447367228666795351&keyfrom=1
南京,酒店,南京奥体博览中心希尔顿欢朋酒店,江苏省南京市建邺区泰山路189号万得大厦B座1楼,,https://map.qq.com/poi/?sm=7081953792198285599&keyfrom=1
南京,酒店,南京嘉悦·印湖酒店,江苏省南京市江宁区丽泽路南京工程学院5号门,,https://map.qq.com/poi/?sm=1923574921140960924&keyfrom=1
南京,酒店,南京丰盛五季凯悦臻选酒店,江苏省南京市雨花台区软件大道119号,,https://map.qq.com/poi/?sm=2001565025047552819&keyfrom=1
南京,酒店,玄武湖假日酒店,江苏省南京市玄武区龙蟠路199号,,https://map.qq.com/poi/?sm=1653230910677842245&keyfrom=1
南京,酒店,南京长江之舟逸衡酒店,江苏省南京市浦口区滨江大道504号长江之舟2号楼2楼(近南京青奥体育公园体育馆),,https://map.qq.com/poi/?sm=2348680690606738242&keyfrom=1
南京,酒店,艺华酒店公寓(朝天宫店),江苏省南京市秦淮区朝天宫西街69号(省中医院和市妇幼附近),,https://map.qq.com/poi/?sm=12275009839568319034&keyfrom=1
南京,酒店,南京雨润涵月楼酒店,江苏省南京市建邺区江东中路235号,,https://map.qq.com/poi/?sm=14964596889737884868&keyfrom=1
南京,酒店,龙湖紫都城,江苏省南京市鼓楼区建宁路12号,,https://map.qq.com/poi/?sm=4835764874207306083&keyfrom=1
南京,酒店,A1栋·小公馆,江苏省南京市雨花台区花神庙枢纽与绕城高速公路交叉口东南方向150,2条点评,https://map.qq.com/poi/?sm=4342513383556808155&keyfrom=1
南京,酒店,南京南站万达美华酒店,江苏省南京市江宁区南京南站南广场金兰路4号2幢,,https://map.qq.com/poi/?sm=3304185139868914943&keyfrom=1
南京,酒店,全季酒店(南京百家湖店),江苏省南京市江宁区天元西路199号2幢,,https://map.qq.com/poi/?sm=1911650123079454599&keyfrom=1
南京,酒店,全季酒店(南京夫子庙三山街店),江苏省南京市秦淮区中山南路499号长乐大厦B座,,https://map.qq.com/poi/?sm=3578821297896354164&keyfrom=1
南京,酒店,全季酒店(南京南站前广场店),江苏省南京市江宁区金兰路1号(南京南站地铁站13号口步行430米),,https://map.qq.com/poi/?sm=17501189514960088464&keyfrom=1
南京,酒店,全季酒店(南京软件大道地铁站店),江苏省南京市雨花台区软件大道106号1号楼,,https://map.qq.com/poi/?sm=2439013464754111014&keyfrom=1
南京,酒店,宜必思尚品酒店(南京南站北广场店),江苏省南京市雨花台区金轮星立方,,https://map.qq.com/poi/?sm=2147650334542982039&keyfrom=1
南京,酒店,南京金轮万怡酒店,江苏省南京市江宁区双龙大道1101号,,https://map.qq.com/poi/?sm=6322671680577866861&keyfrom=1
南京,酒店,全季南京仙林徐庄软件园酒店,江苏省南京市玄武区玄武大道108号聚慧园5号楼1层,,https://map.qq.com/poi/?sm=2422441155824339979&keyfrom=1
南京,酒店,沐时·月影酒店(南京新街口张府园地铁站店),"江苏省南京市秦淮区中山南路234号(地铁1号线张府园站1号出口北300米,天盛大酒店旁)",,https://map.qq.com/poi/?sm=15731062488688357147&keyfrom=1
南京,酒店,南京夫子庙漫心酒店,江苏省南京市秦淮区升州路122号(地铁1号线三山街地铁站2号口西北150米),,https://map.qq.com/poi/?sm=2726364028501634706&keyfrom=1
南京,酒店,悠咖酒店(南京夫子庙集庆路店),江苏省南京市秦淮区来凤街2号凤巢产业园(蓝湾咖啡旁),,https://map.qq.com/poi/?sm=3747054691245694460&keyfrom=1
南京,酒店,北站文景酒店,江苏省南京市浦口区文景路9号,,https://map.qq.com/poi/?sm=10197439736544453028&keyfrom=1
南京,酒店,南京新街口泊金美居酒店,江苏省南京市鼓楼区管家桥34号,,https://map.qq.com/poi/?sm=3290870377520863125&keyfrom=1
南京,酒店,桔子酒店(南京夫子庙三山街店),江苏省南京市秦淮区仙鹤街114-126号1-4层,,https://map.qq.com/poi/?sm=2059397535072862724&keyfrom=1
南京,酒店,艾米酒店公寓(中胜新城科技园店),江苏省南京市建邺区楠溪江东街龙湖时代上城3幢107室(距中胜地铁站400米),,https://map.qq.com/poi/?sm=3944678727068151198&keyfrom=1
南京,酒店,汉庭酒店(南京朝天宫虎踞南路店),江苏省南京市秦淮区虎踞南路96号,,https://map.qq.com/poi/?sm=1082598490011576226&keyfrom=1
南京,酒店,桔子水晶酒店(南京工业大学浦口大道店),江苏省南京市浦口区浦口大道18号,,https://map.qq.com/poi/?sm=6045114158001565540&keyfrom=1
南京,酒店,南京航空航天大学博物院亚朵酒店,江苏省南京市秦淮区御道街33号,,https://map.qq.com/poi/?sm=15131487215246603814&keyfrom=1
南京,酒店,全季酒店(南京夫子庙店),江苏省南京市秦淮区建康路127号(夫子庙景区北门对面),,https://map.qq.com/poi/?sm=15878150320731684458&keyfrom=1
南京,酒店,高淳金陵大酒店,江苏省南京市高淳区高淳经济开发区古檀大道2号,,https://map.qq.com/poi/?sm=822494229639743474&keyfrom=1
南京,酒店,维也纳3好酒店(南京禄口机场店),江苏省南京市江宁区天禄大道139号,,https://map.qq.com/poi/?sm=10468440532210128860&keyfrom=1
南京,酒店,南京江宁滨江开发区石刻湖亚朵酒店,江苏省南京市江宁区江宁街道长兴大街758号新天地商贸街区17幢1层,,https://map.qq.com/poi/?sm=2001932553890171297&keyfrom=1
南京,酒店,汉庭优佳酒店(南京小行地铁站店),江苏省南京市雨花台区小行路69号南河东寓01幢顺德生活广场3-4层,,https://map.qq.com/poi/?sm=16347792700930249219&keyfrom=1
南京,酒店,南京空港温德姆花园酒店,江苏省南京市江宁区越秀路88号,,https://map.qq.com/poi/?sm=9175022297805060976&keyfrom=1
南京,酒店,正晴和酒店(旗舰店),江苏省南京市鼓楼区山西路67号世贸中心大厦五楼,15条点评,https://map.qq.com/poi/?sm=10738382388820565386&keyfrom=1
南京,酒店,南京金宇饭店,江苏省南京市秦淮区大光路35号,,https://map.qq.com/poi/?sm=13614607301118801134&keyfrom=1
南京,酒店,南京仁恒柏薇酒店公寓,江苏省南京市建邺区贤坤路78号仁恒置地广场F1,,https://map.qq.com/poi/?sm=1341488127703016360&keyfrom=1
南京,酒店,南京奥体中心CBD亚朵酒店,江苏省南京市建邺区奥体大街177号环宇融侨广场1层,,https://map.qq.com/poi/?sm=1720799486381602663&keyfrom=1
南京,酒店,南京国际博览中心酒店,江苏省南京市建邺区金沙江西街16号(近元通地铁站4号出口),,https://map.qq.com/poi/?sm=13891931985806593581&keyfrom=1
南京,酒店,龙湖冠寓(麒麟科创园店),江苏省南京市江宁区沧波门北街99号1栋,10条点评,https://map.qq.com/poi/?sm=6745001538324454031&keyfrom=1
南京,酒店,康铂酒店(南京新街口中心店),江苏省南京市秦淮区洪武路115号(新街口地铁站12号口步行480米),,https://map.qq.com/poi/?sm=1836470817280458889&keyfrom=1
南京,酒店,南京欢乐谷智选假日酒店,江苏省南京市栖霞区官窑山路8号,,https://map.qq.com/poi/?sm=3356320732910701767&keyfrom=1
南京,酒店,南京南站漫心酒店,江苏省南京市江宁区东山街道江南路9号高铁网谷B座,,https://map.qq.com/poi/?sm=18126805172821605893&keyfrom=1
南京,酒店,桔子酒店(南京火车站玄武湖店),江苏省南京市玄武区龙蟠路29号三楼藕寓青年公寓3楼,,https://map.qq.com/poi/?sm=13962602784457609628&keyfrom=1
南京,酒店,龙湖冠寓(生命科技小镇店),江苏省南京市江宁区芝兰路15号,6条点评,https://map.qq.com/poi/?sm=4816161254407202840&keyfrom=1
南京,酒店,南京四方酒店傲途格精选,江苏省南京市浦口区珍七路9号,,https://map.qq.com/poi/?sm=1109985890102883532&keyfrom=1
南京,酒店,美豪丽致酒店(南京奥体国际博览中心店),江苏省南京市建邺区江东中路305号中泰国际广场北楼,,https://map.qq.com/poi/?sm=17282611525091732777&keyfrom=1
南京,酒店,全季酒店(南京浦口弘阳广场店),江苏省南京市浦口区江北新区大桥北路24号金盛国际家居广场六号楼7楼,,https://map.qq.com/poi/?sm=6435009995885855685&keyfrom=1
南京,酒店,颐尚温泉酒店,江苏省南京市江宁区汤山镇温泉路8号,13条点评,https://map.qq.com/poi/?sm=4824260506588672569&keyfrom=1
南京,酒店,提莫电竞酒店(南京新街口店),江苏省南京市秦淮区洪武路317号(张府园地铁站2号口步行310米),,https://map.qq.com/poi/?sm=1525476186842106781&keyfrom=1
南京,酒店,潮汤温泉度假酒店(南京弘阳广场店),江苏省南京市浦口区大桥北路48号A4幢,,https://map.qq.com/poi/?sm=14045537935215515664&keyfrom=1
南京,酒店,南京丰大国际大酒店,江苏省南京市浦口区江北新区城南河路89号,,https://map.qq.com/poi/?sm=10083537341066082729&keyfrom=1
南京,酒店,美仑酒店(水平方店),江苏省南京市秦淮区建康路3号水平方F6,,https://map.qq.com/poi/?sm=14809744060562811820&keyfrom=1
南京,酒店,南京河西奥体中心希尔顿花园酒店,江苏省南京市建邺区白龙江东街9号,,https://map.qq.com/poi/?sm=9379807707074003641&keyfrom=1
南京,酒店,蓝湾假日酒店(东麒路万璟汽车生活广场店),江苏省南京市江宁区临麒路58号万璟汽车生活广场1号楼1楼,,https://map.qq.com/poi/?sm=15158347487390555311&keyfrom=1
南京,酒店,桔子酒店(南京奥体江东中路店),江苏省南京市建邺区江东中路315号中泰国际广场6栋18层,,https://map.qq.com/poi/?sm=5732123335216467881&keyfrom=1
南京,酒店,桔子南京百家湖酒店,江苏省南京市江宁区天元西路146号,,https://map.qq.com/poi/?sm=4630689973389030831&keyfrom=1
南京,酒店,桔子水晶酒店(南京新街口广场店),江苏省南京市秦淮区汉中路27号友谊广场A座1楼12-15楼,,https://map.qq.com/poi/?sm=12751363462855628090&keyfrom=1
南京,酒店,锦江都城酒店(南京南站中心店),江苏省南京市江宁区金兰路6号绿地城际空间站南广场B2幢2-2号楼,,https://map.qq.com/poi/?sm=1457951065982859790&keyfrom=1
南京,酒店,锦江都城酒店(南京站国展中心店),江苏省南京市玄武区红山创智天地(红山南路49号),,https://map.qq.com/poi/?sm=1787533352208193830&keyfrom=1
南京,酒店,全季南京大行宫酒店,江苏省南京市秦淮区中山东路482号纺织大厦1层,,https://map.qq.com/poi/?sm=7293425329834055100&keyfrom=1
南京,酒店,康铂酒店(南京南站店),江苏省南京市江宁区竹翠路7号都荟天地城D-1幢116室,,https://map.qq.com/poi/?sm=16173631741193858111&keyfrom=1
南京,酒店,南京空港金陵嘉辰酒店(禄口机场店),江苏省南京市溧水区新能源大道186号,,https://map.qq.com/poi/?sm=3216016438284833501&keyfrom=1
南京,酒店,南京舟渔寨度假区,江苏省南京市江宁区长山路199号,16条点评,https://map.qq.com/poi/?sm=9042879191688385604&keyfrom=1
南京,酒店,南京幸庄金陵嘉珑酒店,江苏省南京市溧水区秦淮大道501号(无想山地铁站2号口步行500米),,https://map.qq.com/poi/?sm=1119400787587611334&keyfrom=1
南京,酒店,桔子水晶酒店(南京奥体CBD国际博览中心酒店),江苏省南京市建邺区庐山路268号奥美大厦2号楼,,https://map.qq.com/poi/?sm=1680933725963866821&keyfrom=1
南京,酒店,南京老门东漫心府,江苏省南京市秦淮区养虎巷28号E5栋,,https://map.qq.com/poi/?sm=12933422275953130842&keyfrom=1
南京,酒店,蓝鲸湾温泉度假酒店,江苏省南京市鼓楼区建宁路8号玉桥商业广场C座,15条点评,https://map.qq.com/poi/?sm=10299752422844883964&keyfrom=1
南京,酒店,Club Med地中海白日方舟·南京仙林度假村,江苏省南京市栖霞区大浦塘东路3号,,https://map.qq.com/poi/?sm=10518949366672351864&keyfrom=1
南京,酒店,清沐·尚酒店(南京新街口地铁站中央商场店),"江苏省南京市秦淮区洪武路129号(近地铁1,2号线新街口站14号出口,中央商场)",,https://map.qq.com/poi/?sm=1252015503620609258&keyfrom=1
南京,酒店,玺悦商务酒店(南京南站店),江苏省南京市雨花台区石华街3号,,https://map.qq.com/poi/?sm=12320110604945603527&keyfrom=1
南京,酒店,南京栖霞山涵田栖云山房酒店,江苏省南京市栖霞区栖霞街68号,,https://map.qq.com/poi/?sm=2010198153073641371&keyfrom=1
南京,酒店,麗枫酒店(南京禄口机场铜山地铁站店),江苏省南京市江宁区金航路,,https://map.qq.com/poi/?sm=7274816744068287467&keyfrom=1
南京,酒店,全季酒店(康行路),江苏省南京市浦口区康行路10号,,https://map.qq.com/poi/?sm=12298458964380213518&keyfrom=1
南京,酒店,南京心颐荟·星俪辰酒店,江苏省南京市建邺区汉中门大街299号1栋,,https://map.qq.com/poi/?sm=8757924676672145745&keyfrom=1
南京,酒店,南京玄武湖美居酒店,江苏省南京市鼓楼区建宁路7号,,https://map.qq.com/poi/?sm=2437478360281114342&keyfrom=1
南京,酒店,南京固城湾开元名都度假酒店,江苏省南京市高淳区淳兴路29号,,https://map.qq.com/poi/?sm=3385376870723127855&keyfrom=1
南京,酒店,南京云栖林舍,江苏省南京市浦口区汤泉街道雨发生态旅游区内,,https://map.qq.com/poi/?sm=17238922254479901156&keyfrom=1
南京,酒店,汉庭酒店(南京南站南广场店),江苏省南京市江宁区宏运大道宋艾新村01幢,,https://map.qq.com/poi/?sm=2789391821227390983&keyfrom=1
南京,酒店,全季酒店(南京龙江新城市广场店),江苏省南京市鼓楼区龙园西路106号宝地园25幢,,https://map.qq.com/poi/?sm=1422028472727924875&keyfrom=1
南京,酒店,汉庭酒店(南京天印大道昌宁路店),江苏省南京市江宁区天印大道1180号,,https://map.qq.com/poi/?sm=5874153035364380571&keyfrom=1
南京,酒店,全季酒店(南京南部新城大明路店),江苏省南京市秦淮区大明宏苑(弘学路),,https://map.qq.com/poi/?sm=8247604691489644877&keyfrom=1
南京,酒店,全季酒店(南京江宁交院地铁站店),江苏省南京市江宁区格致路99号文鼎广场8栋,,https://map.qq.com/poi/?sm=6104672527507519504&keyfrom=1
南京,酒店,南京夫子庙银桥亚朵酒店,江苏省南京市建邺区应天大街588号银桥国际市场北侧,,https://map.qq.com/poi/?sm=3380209069302259928&keyfrom=1
南京,酒店,格林东方酒店(南京江宁大学城店),江苏省南京市江宁区龙眠大道180号创业广场A101,,https://map.qq.com/poi/?sm=10831253086451113980&keyfrom=1
南京,酒店,南京江宁Moxy酒店,江苏省南京市江宁区天元东路15号15-21层,,https://map.qq.com/poi/?sm=2198949441727676928&keyfrom=1
南京,酒店,艺龙安云酒店(南京南站店),江苏省南京市雨花台区玉兰路88号,,https://map.qq.com/poi/?sm=18118765603642680703&keyfrom=1
南京,酒店,你好酒店(南京河西金鹰酒店),江苏省南京市建邺区集庆门大街188号,,https://map.qq.com/poi/?sm=1914210134585765767&keyfrom=1
南京,酒店,南京归来兮桠溪庄园酒店,江苏省南京市高淳区桠溪街道桠云路1800号,,https://map.qq.com/poi/?sm=3904426659712303419&keyfrom=1
南京,酒店,南京云水涧亲子度假酒店,江苏省南京市江宁区谷里街道正方西路555号,,https://map.qq.com/poi/?sm=5824590539619150230&keyfrom=1
南京,酒店,全季酒店(南京广州路省人民医院店),江苏省南京市鼓楼区广州路177号(英伦国际),,https://map.qq.com/poi/?sm=18047999632458836793&keyfrom=1
南京,酒店,桔子水晶南京浦口研创园酒店,江苏省南京市浦口区新浦路128号宝隆时代广场6号楼,,https://map.qq.com/poi/?sm=16578940101344737219&keyfrom=1
南京,酒店,瑞斯酒店公寓(河定桥地铁站店),江苏省南京市江宁区上元大街240号3楼,,https://map.qq.com/poi/?sm=14116709849588835492&keyfrom=1
南京,酒店,紫金·和寓,江苏省南京市建邺区定康街40-67号(高庙路地铁站3号口步行150米),4条点评,https://map.qq.com/poi/?sm=7185922141958959613&keyfrom=1
南京,酒店,南京江北新区工业大学亚朵酒店,江苏省南京市浦口区紫晶龙华广场2幢(浦珠南路北),,https://map.qq.com/poi/?sm=10450910488307495574&keyfrom=1
南京,酒店,南京青蓝杉谷杉居酒店,江苏省南京市江宁区,,https://map.qq.com/poi/?sm=10904266680971590715&keyfrom=1
南京,酒店,金梧桐温泉酒店(高淳宝塔路旗舰店),江苏省南京市高淳区宝塔路157号,4条点评,https://map.qq.com/poi/?sm=4023351574574926221&keyfrom=1
南京,酒店,伯利兹明园酒店(夫子庙白下路店),江苏省南京市秦淮区白下路273号,,https://map.qq.com/poi/?sm=8880498530150340628&keyfrom=1
南京,酒店,汉庭酒店(南京南站北广场站前中心店),江苏省南京市雨花台区玉兰路98号南京南站北广场地下商业空间B1-01,,https://map.qq.com/poi/?sm=2390625227517206977&keyfrom=1
南京,酒店,白玉兰酒店(南京新街口店),江苏省南京市秦淮区中山南路219号,,https://map.qq.com/poi/?sm=10042199288171648416&keyfrom=1
南京,酒店,桔子水晶南京博物院酒店,江苏省南京市玄武区黄埔路2-2号黄埔科技大厦B座,,https://map.qq.com/poi/?sm=7756921866543834645&keyfrom=1
南京,酒店,南京金融城Modena辉盛名致服务公寓(奥体博览中心店),江苏省南京市建邺区江东中路399号金融城二期西区A4栋1楼,,https://map.qq.com/poi/?sm=10630156706624940539&keyfrom=1
南京,酒店,南京马群钟山风景区美居酒店,江苏省南京市玄武区顾家营路59-10号,,https://map.qq.com/poi/?sm=2255188095352984774&keyfrom=1
南京,酒店,南京江宁麒麟希尔顿欢朋酒店,江苏省南京市江宁区麒麟街道宾园街96号,,https://map.qq.com/poi/?sm=2586198699823157807&keyfrom=1
南京,酒店,蓝湾假日酒店(南京南站店),江苏省南京市江宁区万科都荟天地城B区3幢,,https://map.qq.com/poi/?sm=18075977177016230129&keyfrom=1
南京,酒店,多园青年旅舍,江苏省南京市秦淮区石鼓路56号建华大厦3F,,https://map.qq.com/poi/?sm=12974745046042178023&keyfrom=1
南京,酒店,全季酒店(南京奥体国际博览中心店),江苏省南京市建邺区庐山路266号国泰金融中心1幢16-22层,,https://map.qq.com/poi/?sm=17855060653372481044&keyfrom=1
南京,酒店,南京青龙山庄酒店,江苏省南京市江宁区神凤路888号,,https://map.qq.com/poi/?sm=10535178762669750946&keyfrom=1
南京,酒店,南京河西安达仕酒店,江苏省南京市建邺区白龙江东街108号,,https://map.qq.com/poi/?sm=5824937019563501534&keyfrom=1
南京,酒店,南京珺懋酒店傲途格精选,江苏省南京市江宁区汤山街道林绣路7号,,https://map.qq.com/poi/?sm=911025765284793993&keyfrom=1
南京,酒店,汉奢假日酒店(南京夫子庙地铁站景区店),江苏省南京市秦淮区太平南路536号(夫子庙地铁站3号口步行310米),,https://map.qq.com/poi/?sm=1343869338170977567&keyfrom=1
南京,酒店,桃园季酒店(南京江宁龙湾天街店),江苏省南京市江宁区东山街道潭园西路199号,,https://map.qq.com/poi/?sm=14616123552844477958&keyfrom=1
南京,酒店,南京园博园悦榕庄,江苏省南京市江宁区汤山街道梦悦路8号,,https://map.qq.com/poi/?sm=13958495972330734004&keyfrom=1
南京,酒店,海院世纪缘国际邮轮酒店,江苏省南京市江宁区格致路309号(近江苏海事职业技术学院),,https://map.qq.com/poi/?sm=10310475843138965206&keyfrom=1
南京,酒店,南京医药谷星火路亚朵酒店,江苏省南京市浦口区江北新区医药谷探秘路72号活力源星巴克隔壁,,https://map.qq.com/poi/?sm=1651922055917150236&keyfrom=1
南京,酒店,南京慢城枕松云居,江苏省南京市高淳区小芮家村36号,,https://map.qq.com/poi/?sm=4353850118286434415&keyfrom=1
南京,酒店,南京鼓楼清凉门大街亚朵酒店,江苏省南京市鼓楼区清凉门大街68号金信花园15幢76号,,https://map.qq.com/poi/?sm=4151879733432822774&keyfrom=1
南京,酒店,桔子酒店(南京百家湖小龙湾地铁站店),江苏省南京市江宁区天元中路118号(小龙湾地铁站2号口步行80米),,https://map.qq.com/poi/?sm=10366422286964112198&keyfrom=1
南京,酒店,宁归来金陵山水酒店(南京禄口机场店),江苏省南京市溧水区新能源大道555号,,https://map.qq.com/poi/?sm=5581668406504196016&keyfrom=1
南京,酒店,南京竹山路希尔顿欢朋酒店,江苏省南京市江宁区天元东路59号,,https://map.qq.com/poi/?sm=1720709343017249587&keyfrom=1
南京,酒店,全季酒店(南京龙江新城市广场漓江路店),江苏省南京市鼓楼区漓江路28号,,https://map.qq.com/poi/?sm=11959122243957232965&keyfrom=1
南京,酒店,南京红山美居酒店,江苏省南京市栖霞区和燕路258号(红山动物园地铁站2号口步行220米),,https://map.qq.com/poi/?sm=16053863724637052019&keyfrom=1
南京,酒店,华荟公寓,江苏省南京市栖霞区燕城大道与宜春街交叉口北100米,,https://map.qq.com/poi/?sm=8667933374018650585&keyfrom=1
南京,酒店,南京翰苑宾馆(农业大学店),江苏省南京市玄武区童卫岗1号南京农业大学校园内(近中山门),,https://map.qq.com/poi/?sm=8455856681645497459&keyfrom=1
南京,酒店,维也纳酒店(南京夫子庙港际店),江苏省南京市秦淮区大光路142号际华国际广场1层,,https://map.qq.com/poi/?sm=3100568598609334106&keyfrom=1
南京,酒店,白玉兰酒店(南京奥体中心河西金鹰店),江苏省南京市建邺区黄山路2号(距离7号线应天大街地铁站10米),,https://map.qq.com/poi/?sm=1551530140202333118&keyfrom=1
南京,酒店,全季酒店(南京江宁大学城湖山路店),江苏省南京市江宁区湖山路717号(湖山路与天元东路交叉口),,https://map.qq.com/poi/?sm=10171215775497404448&keyfrom=1
南京,酒店,弘阳大厦骏馆,江苏省南京市浦口区大桥北路旭日华庭(长江大桥北地铁站2号口步行460米),6条点评,https://map.qq.com/poi/?sm=11030341130330922475&keyfrom=1
南京,酒店,世纪缘酒店(南京江宁东南大学店),江苏省南京市江宁区九竹路2号(九竹文创园内),,https://map.qq.com/poi/?sm=3065779440931641043&keyfrom=1
南京,酒店,南京南站美居酒店,江苏省南京市江宁区天元西路199-2号,,https://map.qq.com/poi/?sm=6214053231488407582&keyfrom=1
南京,酒店,南京奥体国际博览中心漫心府,江苏省南京市建邺区江东南路9号青奥米里中心A座,,https://map.qq.com/poi/?sm=6412767170823671318&keyfrom=1
南京,酒店,建邺区铂悦公寓(天迈广场店),江苏省南京市建邺区莫愁湖街道2号线油坊桥地铁站2号出口左走50米,,https://map.qq.com/poi/?sm=9476944722704708076&keyfrom=1
南京,酒店,紫金楼(紫金山玄武湖店),江苏省南京市玄武区龙蟠中路18号(距离紫金山白马公园及玄武湖500米),15条点评,https://map.qq.com/poi/?sm=1075771585181173553&keyfrom=1
南京,酒店,你好南京江宁大学城酒店,江苏省南京市江宁区鹏山路9号2幢101,,https://map.qq.com/poi/?sm=14271271542658754978&keyfrom=1
南京,酒店,南京牛首山希尔顿酒店,江苏省南京市江宁区宁丹大道8号,,https://map.qq.com/poi/?sm=9944114237610785396&keyfrom=1
南京,酒店,雨润中央公馆(南京奥体中心店),江苏省南京市建邺区雨润国际广场(奥体东地铁站4号口步行340米),,https://map.qq.com/poi/?sm=13599292647143189569&keyfrom=1
南京,酒店,汉庭酒店(南京双龙大道胜太路地铁站店),江苏省南京市江宁区双龙大道1222号(胜太路地铁站4口西30m处),,https://map.qq.com/poi/?sm=17394228429262909209&keyfrom=1
南京,酒店,全季酒店(南京新街口珠江路酒店),江苏省南京市鼓楼区中山路239号,,https://map.qq.com/poi/?sm=1347813375212156394&keyfrom=1
南京,酒店,全季酒店(南京奥体中心中泰国际广场店),江苏省南京市建邺区江东中路305号6栋,,https://map.qq.com/poi/?sm=15690305710629218979&keyfrom=1
南京,酒店,南京鼓楼中山北路亚朵酒店,江苏省南京市鼓楼区模范中路18号,,https://map.qq.com/poi/?sm=2309316665376658017&keyfrom=1
南京,酒店,南京鲁能美高梅美荟酒店,江苏省南京市江宁区格致西路99号,,https://map.qq.com/poi/?sm=16706161954848240346&keyfrom=1
南京,酒店,全季酒店(南京仙林万达茂店),江苏省南京市栖霞区学森路12号仙林湖社区广场,,https://map.qq.com/poi/?sm=7669406593216569555&keyfrom=1
南京,酒店,南京启迪大街麒麟科创园亚朵酒店,江苏省南京市江宁区智识路9号11幢,,https://map.qq.com/poi/?sm=1608190653417059659&keyfrom=1
南京,酒店,南京垄上行温泉酒店,江苏省南京市江宁区龙尚社区神家庄102号,,https://map.qq.com/poi/?sm=10441194229706145276&keyfrom=1
南京,酒店,全季酒店(南京仙林大学城店),江苏省南京市栖霞区学典路6号,,https://map.qq.com/poi/?sm=1003600289014350536&keyfrom=1
南京,酒店,河西吾悦公寓,江苏省南京市建邺区兴隆街道汉中门大街299号2幢,,https://map.qq.com/poi/?sm=1020004081926297096&keyfrom=1
南京,酒店,南京扬子江国际会议中心酒店,江苏省南京市浦口区滨江大道299号,,https://map.qq.com/poi/?sm=9648145031681142549&keyfrom=1
南京,酒店,桔子酒店(南京中央门建宁路店),江苏省南京市鼓楼区玉宁路与环玉路交叉口正西方向110米左右,,https://map.qq.com/poi/?sm=1978371179979543349&keyfrom=1
南京,酒店,全季酒店(南京河西博览中心中和路店),江苏省南京市建邺区中和路121号(近儿童医院),,https://map.qq.com/poi/?sm=7556087849285134479&keyfrom=1
南京,酒店,南京熹禾涵田酒店,江苏省南京市浦口区南京国家农创中心东门旁,,https://map.qq.com/poi/?sm=10484578358343887287&keyfrom=1
南京,酒店,世纪缘酒店(溧水店),江苏省南京市溧水区经济开发区宝塔北路16号99幢,,https://map.qq.com/poi/?sm=3960658273086766956&keyfrom=1
南京,酒店,全季酒店(南京夫子庙长虹路店),江苏省南京市建邺区长虹路132号,,https://map.qq.com/poi/?sm=2245554813224403559&keyfrom=1
南京,酒店,全季酒店(南京新街口中央商场店),江苏省南京市秦淮区淮海路50号南楼,,https://map.qq.com/poi/?sm=7968449581971545259&keyfrom=1
南京,酒店,南京威斯汀温泉度假酒店,江苏省南京市江宁区汤山街道林绣路6号,,https://map.qq.com/poi/?sm=1584786924403464009&keyfrom=1
南京,酒店,全季酒店(南京百家湖1912店),江苏省南京市江宁区双龙大道1680号凤凰港商贸城8幢,,https://map.qq.com/poi/?sm=2646410327284779029&keyfrom=1
南京,酒店,六洲荟大酒店,江苏省南京市高淳区丹阳湖北路9号,,https://map.qq.com/poi/?sm=7290925251898983479&keyfrom=1
南京,酒店,望东国际酒店,江苏省南京市江宁区河清路118号4栋204,,https://map.qq.com/poi/?sm=16395546469215388170&keyfrom=1
南京,酒店,汉庭酒店(南京溧水大学城店),江苏省南京市溧水区石湫街道雨山路1号秦河世家花园云景街区6幢,,https://map.qq.com/poi/?sm=3065787009294396040&keyfrom=1
南京,酒店,翠湖大酒店,江苏省南京市六合区龙池街道雄州南路198号51幢209,13条点评,https://map.qq.com/poi/?sm=11642817344572095230&keyfrom=1
南京,酒店,南京江宁未来网络小镇亚朵X酒店,江苏省南京市江宁区蓝霞路7号,,https://map.qq.com/poi/?sm=12544582377820015002&keyfrom=1
南京,酒店,望园酒店,江苏省南京市江宁区禄口街道石埝社区下浣溪98号,,https://map.qq.com/poi/?sm=10696940746605484712&keyfrom=1
南京,酒店,南京幕府山居漫心酒店,江苏省南京市鼓楼区永济大道,,https://map.qq.com/poi/?sm=3187729960685338012&keyfrom=1
南京,酒店,清沐·礼酒店(南京新街口夫子庙店),江苏省南京市秦淮区洪武路303号(张府园地铁站2号口步行400米),,https://map.qq.com/poi/?sm=7953464722487881061&keyfrom=1
南京,酒店,汉庭酒店(南京北京东路九华山地铁站店),江苏省南京市玄武区龙蟠中路29-1,,https://map.qq.com/poi/?sm=9618190005522774337&keyfrom=1
南京,酒店,汉庭酒店(南京信息工程大学晓山路店),江苏省南京市六合区大厂街道晓山路101号201,,https://map.qq.com/poi/?sm=9972287588640640126&keyfrom=1
南京,酒店,天灿棕榈岛酒店,江苏省南京市浦口区浦珠北路25号天灿科技园1号楼1楼,,https://map.qq.com/poi/?sm=10869814589264289748&keyfrom=1
南京,酒店,鲸叹号电竞酒店(南京夫子庙三山街地铁站店),江苏省南京市秦淮区中华路214号3楼,,https://map.qq.com/poi/?sm=12261370994890629234&keyfrom=1
南京,酒店,全季南京牛首山风景区酒店,江苏省南京市江宁区水长街8号1幢,,https://map.qq.com/poi/?sm=8298623408416833493&keyfrom=1
南京,酒店,桔子南京新街口中心酒店,江苏省南京市秦淮区新街口三元巷1号,,https://map.qq.com/poi/?sm=14508646629581065273&keyfrom=1
南京,酒店,汉庭酒店(南京葛塘地铁站店),江苏省南京市六合区宁六路400号(葛塘地铁站旁),,https://map.qq.com/poi/?sm=1203275666873550578&keyfrom=1
南京,酒店,全季酒店(南京溧水永寿坊商业街店),江苏省南京市溧水区西坛路99号永寿坊商业街7号楼,,https://map.qq.com/poi/?sm=8549821290458832785&keyfrom=1
南京,酒店,银河温泉酒店,江苏省南京市溧水区体育公园路77号嘉德园7幢,5条点评,https://map.qq.com/poi/?sm=1425185090876362053&keyfrom=1
南京,酒店,格林豪泰(南京河海大学牛首山风景区店),江苏省南京市江宁区康平街6号,,https://map.qq.com/poi/?sm=596185915535579808&keyfrom=1
南京,酒店,陌上轻雅酒店,江苏省南京市溧水区永阳街道秦淮大道206号,,https://map.qq.com/poi/?sm=8020023338359223110&keyfrom=1
南京,酒店,THE UHOUSE悠居酒店,江苏省南京市江宁区秣周东路11号,,https://map.qq.com/poi/?sm=1028802381338571656&keyfrom=1
南京,酒店,锦枫水晶酒店(南京新街口省中医店),江苏省南京市秦淮区汉中路185号鸿运大厦1楼,,https://map.qq.com/poi/?sm=1101496881586825817&keyfrom=1
南京,酒店,桔子酒店(南京溧水开发区机场路店),江苏省南京市溧水区溧水经济开发区宝塔北路22号,,https://map.qq.com/poi/?sm=1972544590905003477&keyfrom=1
南京,酒店,南京浦口经济开发区桥林亚朵酒店,江苏省南京市浦口区经济开发区金鼎路35号,,https://map.qq.com/poi/?sm=3755102257926858532&keyfrom=1
南京,酒店,全季酒店(南京仙林紫东创意园金马路店),江苏省南京市栖霞区石狮路8号(金马路地铁站2号口步行280米),,https://map.qq.com/poi/?sm=1779587768063633676&keyfrom=1
南京,酒店,全季酒店(南京高淳螃蟹城店),江苏省南京市高淳区汶溪路26号南京固城湖螃蟹城市场B区B03栋,,https://map.qq.com/poi/?sm=16037806207383136640&keyfrom=1
南京,酒店,H+酒店(南京鸡鸣寺鼓楼地铁站店),江苏省南京市玄武区北京东路8号(鼓楼地铁站1号口步行440米),,https://map.qq.com/poi/?sm=1806584603355872498&keyfrom=1
南京,酒店,青禾酒店(海峡城鱼嘴湿地公园店),江苏省南京市建邺区海峡城云谷科技园9号楼,,https://map.qq.com/poi/?sm=15842400185132448361&keyfrom=1
南京,酒店,上润酒店(南京南站店),江苏省南京市雨花台区软件大道46号4幢1楼101室,,https://map.qq.com/poi/?sm=3387789182194243410&keyfrom=1
南京,酒店,南京集萃金陵嘉珑酒店,江苏省南京市浦口区江北新区顶山街道华富路7号(8号楼),,https://map.qq.com/poi/?sm=865506332981462779&keyfrom=1
南京,酒店,清沐铂金酒店(南京水西门大街莫愁湖地铁站店),江苏省南京市建邺区水西门大街242号,,https://map.qq.com/poi/?sm=6537946810992429147&keyfrom=1
南京,酒店,全季酒店(南京浦口工业大学地铁站酒店),江苏省南京市浦口区江浦街道康华路38号金樾府S-1幢,,https://map.qq.com/poi/?sm=10377263213786112208&keyfrom=1
南京,酒店,清沐精选酒店(南京溧水高铁站交通东路店),江苏省南京市溧水区交通东路160号,,https://map.qq.com/poi/?sm=2778348037506127788&keyfrom=1
南京,酒店,菲客酒店(夫子庙店),江苏省南京市秦淮区来凤街2号(蓝湾咖啡旁),,https://map.qq.com/poi/?sm=7936478750588330477&keyfrom=1
南京,酒店,南京宝丽酒店(玄武湖火车站店),江苏省南京市玄武区中央路280号,,https://map.qq.com/poi/?sm=3810367700896980278&keyfrom=1
南京,酒店,南京鑫水都温泉酒店,江苏省南京市高淳区淳溪街道宝塔路358号,5条点评,https://map.qq.com/poi/?sm=3550104706943130284&keyfrom=1
南京,酒店,如家酒店·neo(南京上海路地铁站朝天宫店),江苏省南京市秦淮区侯家桥41号省中医院住院部南门正对面,,https://map.qq.com/poi/?sm=3703576507489494998&keyfrom=1
南京,酒店,锦江都城酒店(南京六合金宁广场欢乐港店),"江苏省南京市六合区永宁路28,29号",,https://map.qq.com/poi/?sm=2197401910106417444&keyfrom=1
南京,酒店,南京高淳域见芳草地度假酒店,江苏省南京市高淳区东坝街道游子山村周泗涧68号,,https://map.qq.com/poi/?sm=14370435931070234627&keyfrom=1
南京,酒店,东南青年汇(麒麟店),江苏省南京市江宁区麒麟街道智明路288号,,https://map.qq.com/poi/?sm=8439663499391008347&keyfrom=1
南京,酒店,全季酒店(南京河西儿童医院江东南路店),江苏省南京市建邺区江东南路9号5栋,,https://map.qq.com/poi/?sm=10404612436739247428&keyfrom=1
南京,酒店,蓝湾假日酒店公寓(小龙湾地铁站店),江苏省南京市江宁区日新路2号中海龙湾U-live1栋316室,,https://map.qq.com/poi/?sm=5200874919827667785&keyfrom=1
南京,酒店,轻住·臻悦铂金酒店(南京河西万达广场店),江苏省南京市建邺区江东中路4号,,https://map.qq.com/poi/?sm=14881520273812753339&keyfrom=1
南京,酒店,南京夫子庙步行街轻居酒店,江苏省南京市秦淮区大石坝街37-45号(夫子庙地铁站2号口步行470米),,https://map.qq.com/poi/?sm=1799682876831955609&keyfrom=1
南京,酒店,都汇壹品酒店,江苏省南京市江宁区东山街道竹翠路6号都荟天地城A4幢二单元104室,,https://map.qq.com/poi/?sm=6005258401622191669&keyfrom=1
南京,酒店,东辰国际酒店,江苏省南京市建邺区江东中路289号联强大厦,,https://map.qq.com/poi/?sm=1495467914642718473&keyfrom=1
南京,酒店,南京转训中心酒店,江苏省南京市栖霞区仙林大道169号体育局训练中心转训中心,,https://map.qq.com/poi/?sm=13398076955536140703&keyfrom=1
南京,酒店,锦江南京饭店紫金楼,江苏省南京市鼓楼区中山北路259号南京饭店,,https://map.qq.com/poi/?sm=679997764061155283&keyfrom=1
南京,酒店,南京国际会议大酒店紫金楼,江苏省南京市玄武区国会大道与内环路交叉口西南方向290米左右,,https://map.qq.com/poi/?sm=15378380495962201871&keyfrom=1
南京,酒店,紫金山庄紫金楼,江苏省南京市栖霞区环陵路18号,1条点评,https://map.qq.com/poi/?sm=6559975468014746431&keyfrom=1
南京,酒店,南京东山渔港大酒店,江苏省南京市江宁区北沿路200号,,https://map.qq.com/poi/?sm=11487575681923724529&keyfrom=1
南京,寺庙,古鸡鸣寺,江苏省南京市玄武区北京东路39号,45条点评,https://map.qq.com/poi/?sm=10385400109360145284&keyfrom=1
南京,寺庙,毗卢寺,江苏省南京市玄武区梅园新村街道汉府街4号(西安门地铁站2号口步行370米),23条点评,https://map.qq.com/poi/?sm=4163200721640527003&keyfrom=1
南京,寺庙,金陵大报恩寺塔,江苏省南京市秦淮区雨花路1号,15条点评,https://map.qq.com/poi/?sm=468001633192944902&keyfrom=1
南京,寺庙,天后宫,江苏省南京市秦淮区朝天宫街道升州路488号(近长青健身馆),16条点评,https://map.qq.com/poi/?sm=16518239147723315584&keyfrom=1
南京,寺庙,金粟庵,江苏省南京市秦淮区五福街18号,15条点评,https://map.qq.com/poi/?sm=4217549727209956728&keyfrom=1
南京,寺庙,东庐山观音寺,江苏省南京市溧水区东山线潥白鹿禅国寺西北750米,17条点评,https://map.qq.com/poi/?sm=17473779998497188826&keyfrom=1
南京,寺庙,大仙寺,江苏省南京市秦淮区永丰大道6号,16条点评,https://map.qq.com/poi/?sm=3977722564641537395&keyfrom=1
南京,寺庙,夫子庙大成殿,江苏省南京市秦淮区夫子庙贡院街13-2号夫子庙,29条点评,https://map.qq.com/poi/?sm=15636080961315828728&keyfrom=1
南京,寺庙,泰山寺,江苏省南京市浦口区泰西路24号,15条点评,https://map.qq.com/poi/?sm=401788043408558781&keyfrom=1
南京,寺庙,方山风景区定林寺,江苏省南京市江宁区方山街道国家级火山地质公园方山风景区(西北角),17条点评,https://map.qq.com/poi/?sm=220920645685695440&keyfrom=1
南京,寺庙,南京天隆寺,江苏省南京市雨花台区软件大道119号丰盛商汇8栋旁,17条点评,https://map.qq.com/poi/?sm=3225162409786178387&keyfrom=1
南京,寺庙,南京牛首山文化旅游区-宏觉寺,江苏省南京市江宁区2503国道牛首山文化旅游区内,15条点评,https://map.qq.com/poi/?sm=10029623787237361155&keyfrom=1
南京,寺庙,栖霞寺,江苏省南京市栖霞区栖霞街88号,17条点评,https://map.qq.com/poi/?sm=3912101935502992911&keyfrom=1
南京,寺庙,佛顶寺,江苏省南京市江宁区宁丹大道18号牛首山文化旅游区,15条点评,https://map.qq.com/poi/?sm=15922378805422530096&keyfrom=1
南京,寺庙,狮子岭兜率寺,江苏省南京市浦口区黄山岭路90号南京老山国家森林公园,15条点评,https://map.qq.com/poi/?sm=4631265718431035067&keyfrom=1
南京,寺庙,古惠济寺,江苏省南京市浦口区惠济北路与高华中心路交叉口北150米,15条点评,https://map.qq.com/poi/?sm=6208413445917958947&keyfrom=1
南京,电影,珠影影城(新世界百货店),江苏省南京市玄武区珠江路88号新世界百货F5,15条点评,https://map.qq.com/poi/?sm=15356540167836948194&keyfrom=1
南京,电影,万达影城(印象汇店),江苏省南京市秦淮区洪武路88号印象汇F4,15条点评,https://map.qq.com/poi/?sm=17172617949887046655&keyfrom=1
南京,电影,珠影CC达美影城(太阳宫店),江苏省南京市玄武区阳光路3号太阳宫商业广场B1层,15条点评,https://map.qq.com/poi/?sm=7245236645496409484&keyfrom=1
南京,电影,新街口国际影城(德基广场店),江苏省南京市玄武区中山路18号德基广场F7-F710,15条点评,https://map.qq.com/poi/?sm=9775397992325068665&keyfrom=1
南京,电影,大华电影院,江苏省南京市秦淮区中山南路67号,15条点评,https://map.qq.com/poi/?sm=13238006928533810340&keyfrom=1
南京,电影,中影GY国际影城,江苏省南京市秦淮区杨公井25号,15条点评,https://map.qq.com/poi/?sm=1571019181240391441&keyfrom=1
南京,电影,幸福蓝海梦幻影城,江苏省南京市秦淮区莫愁路329号越界梦幻城34栋,15条点评,https://map.qq.com/poi/?sm=8582908781480168111&keyfrom=1
南京,电影,中影国际影城(雨花台南站店),江苏省南京市雨花台区玉兰路99号明发商业广场1幢B6区4楼,13条点评,https://map.qq.com/poi/?sm=14139680289928399718&keyfrom=1
南京,电影,中影国际影城(仙林金鹰店),江苏省南京市栖霞区仙林大学城学海路1号金鹰奥莱城C馆2层,15条点评,https://map.qq.com/poi/?sm=11290168119909752581&keyfrom=1
南京,电影,星河影城(江宁大学城店),江苏省南京市江宁区鹏山路9号江宁大学城商贸中心2楼,15条点评,https://map.qq.com/poi/?sm=11852351388648727945&keyfrom=1
